kc_id,glomerulus,synapses
720575940602564320,VA7m,9
720575940602564320,VC4,23
720575940602564320,VM1,25
720575940602605536,DM4,15
720575940602605536,DM6,16
720575940602605536,DP1m,13
720575940602605536,VC2,11
720575940602605536,VC3,10
720575940603050668,DM3,23
720575940603050668,DM4,26
720575940603050668,VA1d,25
720575940603084972,DA1,6
720575940603084972,DC1,20
720575940603084972,VA1v,7
720575940603084972,VA2,8
720575940603084972,VM7v,14
720575940603111392,DM1,26
720575940603111392,DM6,11
720575940603111392,VA3,17
720575940603111392,VC4,5
720575940603174368,DM6,5
720575940603174368,DP1l,19
720575940603174368,VA2,8
720575940603174368,VC3,6
720575940603642982,DM1,22
720575940603642982,VC5,22
720575940603642982,VM3,21
720575940603673120,DC1,29
720575940603673120,DL1,25
720575940603673120,DM6,12
720575940603673120,VA5,14
720575940603673120,VM7d,6
720575940603674656,DA1,24
720575940603674656,DL5,28
720575940603674656,DM2,14
720575940603674656,VA4,9
720575940603688224,VA1v,14
720575940603688224,VM7d,20
720575940603719712,DA4l,7
720575940603719712,DC2,21
720575940603719712,VA7m,12
720575940603719712,VC3,19
720575940603721248,DM2,11
720575940603721248,DP1m,32
720575940603721248,V,9
720575940603721248,VA4,17
720575940603721248,VC2,20
720575940603747616,DC4,16
720575940603747616,VA1v,12
720575940603747616,VA3,6
720575940603751782,DC1,17
720575940603751782,DC2,28
720575940603751782,DP1m,48
720575940603751782,VM7d,11
720575940603773798,VA6,24
720575940604008672,DA4l,9
720575940604008672,DC1,10
720575940604008672,DL5,6
720575940604008672,DM6,12
720575940604008672,VA6,10
720575940604008672,VA7m,17
720575940604008672,VM5d,27
720575940604319078,DP1m,9
720575940604319078,VA6,14
720575940604478176,DP1m,13
720575940604478176,V,23
720575940604478176,VA2,26
720575940604478176,VA6,16
720575940604483040,DL5,7
720575940604489649,DP1l,6
720575940604489649,DP1m,5
720575940604489649,VA2,5
720575940604630240,VA5,5
720575940604630240,VM7d,36
720575940604630496,DM1,22
720575940604630496,DM3,13
720575940604630496,DP1m,39
720575940604630496,VA2,16
720575940604630496,VM4,14
720575940604766153,DM1,28
720575940604766153,DM2,37
720575940604766153,DM4,38
720575940604766153,VC4,24
720575940604770249,DM1,13
720575940604770249,DM3,6
720575940604770249,DP1m,15
720575940604770249,VC5,9
720575940604806345,DA4l,11
720575940604806345,DC1,16
720575940604806345,DL1,12
720575940604860332,DL1,29
720575940604860332,DM2,15
720575940604860332,VC3,18
720575940604860332,VL2a,5
720575940604860332,VL2p,14
720575940604884396,DC3,8
720575940604884396,DL1,23
720575940604884396,DM6,26
720575940604884396,DP1m,5
720575940604934572,D,13
720575940604934572,DL1,17
720575940604934572,DM6,12
720575940604934572,VA2,6
720575940604934572,VA3,15
720575940604934572,VA7m,15
720575940604935340,DL3,5
720575940604935340,VA2,18
720575940604935340,VP1d,16
720575940604962918,DA2,6
720575940604962918,DM1,27
720575940604962918,DP1l,39
720575940604962918,DP1m,8
720575940604963942,DC3,6
720575940604963942,DM6,21
720575940604963942,DP1l,18
720575940604963942,VA1d,21
720575940604963942,VA4,9
720575940604963942,VA7m,21
720575940604997152,DC2,21
720575940604997152,DL1,17
720575940604997152,DL5,10
720575940604997152,DM6,18
720575940604997152,DP1m,15
720575940604997152,VA7l,12
720575940604997152,VM5d,22
720575940604999526,DL5,12
720575940604999526,DM1,15
720575940604999526,VA7m,15
720575940604999526,VM5d,17
720575940604999526,VM5v,29
720575940605000550,DL1,13
720575940605000550,DL5,12
720575940605000550,VA1v,10
720575940605000550,VA7m,10
720575940605000550,VC3,11
720575940605000550,VM5d,11
720575940605029250,DA1,10
720575940605029250,DL1,10
720575940605036418,D,12
720575940605036418,DL2v,6
720575940605036418,DM5,8
720575940605036418,VA3,14
720575940605083838,DP1m,16
720575940605083838,VA1d,9
720575940605083838,VA1v,17
720575940605083838,VA6,21
720575940605083838,VA7l,15
720575940605083838,VL1,13
720575940605083838,VL2a,6
720575940605167025,DM1,9
720575940605167025,DM4,9
720575940605167025,DP1m,9
720575940605171121,DL1,15
720575940605171121,DL2d,17
720575940605171121,DM6,19
720575940605171121,VA7m,6
720575940605171121,VM7d,12
720575940605180337,DM2,20
720575940605180337,DM6,11
720575940605180337,DP1l,23
720575940605180337,VA2,23
720575940605180337,VA4,7
720575940605180337,VC2,12
720575940605180337,VM1,10
720575940605184102,DC1,14
720575940605184102,DL2v,20
720575940605184102,DM3,10
720575940605184102,VC1,16
720575940605196465,VA1d,35
720575940605196465,VA6,9
720575940605196465,VM2,21
720575940605197745,DC3,8
720575940605197745,DM2,13
720575940605197745,DM6,25
720575940605197745,VA7l,18
720575940605197745,VC4,14
720575940605197745,VC5,19
720575940605252041,DM1,30
720575940605252041,DM4,12
720575940605252041,VM7d,11
720575940605290441,DP1l,14
720575940605290441,VA1v,16
720575940605290441,VC1,14
720575940605290441,VM1,20
720575940605338290,DA4m,20
720575940605338290,DC4,15
720575940605338290,DM6,20
720575940605338290,VM7d,33
720575940605362610,DM1,22
720575940605362610,DM2,14
720575940605362610,DM6,14
720575940605362610,DP1m,21
720575940605362610,VA4,13
720575940605362610,VM3,10
720575940605407846,DP1l,29
720575940605407846,VA1d,25
720575940605407846,VM7d,15
720575940605451552,DC1,8
720575940605451552,DM2,18
720575940605451552,DP1m,20
720575940605451552,VA6,16
720575940605451552,VM7d,15
720575940605452064,DC1,15
720575940605452064,DP1m,14
720575940605488416,DA4l,14
720575940605488416,DC1,38
720575940605488416,DM1,25
720575940605488416,VM4,17
720575940605488416,VM5d,18
720575940605507249,DM4,25
720575940605507249,DP1l,17
720575940605507249,V,15
720575940605507249,VM2,22
720575940605541920,DM1,17
720575940605541920,DM4,39
720575940605541920,VA3,8
720575940605541920,VM5d,25
720575940605551718,DA4l,17
720575940605551718,DL1,30
720575940605551718,VA3,17
720575940605551718,VM5d,30
720575940605552742,D,5
720575940605552742,DL2d,16
720575940605552742,DM1,5
720575940605552742,DM5,8
720575940605552742,DP1m,9
720575940605552742,VA6,10
720575940605552742,VP1d,5
720575940605565886,DA1,17
720575940605565886,VA3,10
720575940605565886,VA4,15
720575940605565886,VA6,14
720575940605565886,VA7m,12
720575940605597216,DA1,16
720575940605597216,DM3,5
720575940605597216,VA2,9
720575940605597216,VC4,11
720575940605597216,VC5,14
720575940605606274,DA1,15
720575940605606274,DP1m,20
720575940605606274,VA1d,26
720575940605606274,VA2,17
720575940605606274,VA7l,5
720575940605606274,VC3,11
720575940605606274,VM5v,17
720575940605627057,DC1,38
720575940605627057,DL1,8
720575940605627057,DM2,7
720575940605627057,V,17
720575940605627057,VC5,21
720575940605664446,DC1,12
720575940605664446,DM1,16
720575940605664446,VC4,11
720575940605664446,VM3,9
720575940605792434,DL1,5
720575940605817522,DA1,7
720575940605817522,DL1,10
720575940605817522,DL3,7
720575940605817522,DP1l,8
720575940605934001,VA1v,14
720575940605934001,VA6,14
720575940605934001,VM5v,17
720575940605934001,VM7d,19
720575940605997257,DA4l,5
720575940605997257,DL1,13
720575940605997257,V,13
720575940605997257,VA7m,6
720575940605997257,VC5,5
720575940605997257,VL2p,12
720575940605997257,VM1,8
720575940605997513,VA1v,15
720575940605997513,VA7m,7
720575940605997513,VC3,9
720575940605997513,VM5d,6
720575940606331996,DL2v,31
720575940606331996,VA2,17
720575940606331996,VC4,30
720575940606331996,VM5d,24
720575940606331996,VM7d,23
720575940606341250,DL5,23
720575940606341250,VC5,17
720575940606341250,VL2a,16
720575940606341250,VM3,10
720575940606347394,DC3,11
720575940606347394,DL2d,24
720575940606347394,VA2,19
720575940606347394,VC2,12
720575940606347394,VM2,15
720575940606399068,DA1,26
720575940606399068,DC1,22
720575940606399068,VA1v,25
720575940606399068,VA6,22
720575940606399068,VL2a,18
720575940606452681,DM2,31
720575940606452681,DM3,24
720575940606452681,DM4,14
720575940606452681,VA2,31
720575940606452681,VM3,20
720575940606454108,DM1,18
720575940606454108,DP1m,27
720575940606454108,VA2,26
720575940606454108,VM3,17
720575940606477660,DM3,12
720575940606477660,DM4,8
720575940606477660,DP1l,27
720575940606477660,VA3,18
720575940606477660,VA4,8
720575940606483467,DC1,6
720575940606483467,DC2,15
720575940606483467,DL2v,30
720575940606483467,DP1m,25
720575940606483467,VC5,13
720575940606483467,VM3,19
720575940606483723,DC1,10
720575940606483723,DL5,24
720575940606483723,DM2,14
720575940606483723,DM6,24
720575940606483723,DP1m,26
720575940606483723,VL2p,13
720575940606496011,DL1,12
720575940606496011,DM6,8
720575940606496011,DP1l,13
720575940606549961,DM2,16
720575940606549961,DM6,22
720575940606549961,DP1l,27
720575940606549961,VA2,14
720575940606549961,VC2,5
720575940606549961,VL2a,11
720575940606549961,VM4,15
720575940606621362,DA1,16
720575940606621362,DL2v,30
720575940606621362,DP1l,14
720575940606621362,VL1,16
720575940606621362,VM2,22
720575940606621362,VM5d,23
720575940606667977,DM4,12
720575940606667977,VA1d,38
720575940606667977,VA6,15
720575940606667977,VA7l,13
720575940606680706,DL5,5
720575940606729858,DC3,26
720575940606729858,DM5,7
720575940606729858,DP1m,21
720575940606729858,VA7l,16
720575940606729858,VC4,18
720575940606864341,DL5,14
720575940606864341,DM2,27
720575940606864341,DM4,22
720575940606864341,VC2,18
720575940606864341,VM4,7
720575940606891221,DM1,26
720575940606891221,DM4,9
720575940606891221,DP1l,28
720575940606891221,VA2,12
720575940606891221,VA7m,14
720575940606891221,VM3,28
720575940606892162,DL2v,26
720575940606892162,DM2,13
720575940606892162,VA2,24
720575940606892162,VM7v,26
720575940606893186,VA2,21
720575940606893186,VC4,32
720575940606893186,VM5d,30
720575940606893186,VM5v,21
720575940606902741,DM6,21
720575940606902741,DP1l,6
720575940606902741,V,6
720575940606902741,VA1d,12
720575940606902741,VA7m,10
720575940606902741,VM4,7
720575940606902741,VM5d,12
720575940606941397,DA1,20
720575940606941397,DL1,18
720575940606941397,DP1m,21
720575940606941397,VL2a,7
720575940606947714,DL2d,23
720575940606947714,DM2,12
720575940606947714,V,22
720575940606947714,VA3,10
720575940606947714,VC2,13
720575940606954114,DA4l,19
720575940606954114,DL2d,24
720575940606954114,DL2v,26
720575940606954114,VC5,23
720575940606963586,D,9
720575940606963586,DC3,21
720575940606963586,DL1,33
720575940606963586,DL2d,24
720575940606963586,VC4,22
720575940606963586,VL2p,12
720575940606967682,D,23
720575940606967682,DP1m,18
720575940606967682,VC2,22
720575940606967682,VL2p,16
720575940606967682,VP1d,13
720575940606967730,DL1,32
720575940606967730,DM1,50
720575940606967730,VA1d,28
720575940606968450,D,10
720575940606968450,DC2,13
720575940606968450,DL5,8
720575940606968450,DP1m,8
720575940606968450,VA1v,12
720575940606968450,VC5,17
720575940606968962,DM6,18
720575940606968962,DP1l,17
720575940606968962,VA2,11
720575940606968962,VA3,30
720575940606968962,VC3,18
720575940606968962,VC5,11
720575940607010825,DL5,24
720575940607010825,DP1l,14
720575940607010825,VM5d,21
720575940607030281,DL1,11
720575940607030281,DM2,5
720575940607030281,DP1l,13
720575940607030281,VC2,10
720575940607030281,VM5v,9
720575940607280306,DP1m,27
720575940607280306,VA1v,15
720575940607280306,VC3,19
720575940607280306,VL2p,15
720575940607280818,DL2d,17
720575940607280818,VA7l,16
720575940607280818,VL2p,15
720575940607280818,VM1,25
720575940607280818,VM4,18
720575940607310531,DL2d,13
720575940607310531,DM1,15
720575940607310531,DM3,21
720575940607310531,DM4,10
720575940607310531,VM3,17
720575940607330499,DM1,18
720575940607330499,DM4,9
720575940607337155,DM1,18
720575940607337155,DM4,24
720575940607337155,DM6,22
720575940607337155,DP1m,30
720575940607337155,VA4,21
720575940607337923,DM1,31
720575940607337923,DM2,31
720575940607337923,DM3,20
720575940607337923,DP1m,16
720575940607337923,VM7d,17
720575940607351747,DM1,21
720575940607351747,DM3,14
720575940607351747,VA5,24
720575940607351747,VM2,40
720575940607352003,DM1,13
720575940607352003,VA1d,25
720575940607352003,VC3,34
720575940607352003,VM2,14
720575940607715420,D,8
720575940607715420,DL3,26
720575940607715420,DM5,24
720575940607715420,DP1m,20
720575940607715420,VA5,11
720575940607763467,DA4l,17
720575940607763467,VL2p,26
720575940607763467,VM5d,25
720575940607763467,VM7d,35
720575940607792139,DM4,5
720575940607792139,DM5,12
720575940607792139,DP1m,9
720575940607792139,VA2,10
720575940607792139,VA3,25
720575940607792139,VA6,28
720575940607792139,VL2a,9
720575940607804939,DC3,29
720575940607804939,DL1,15
720575940607804939,VA6,7
720575940607804939,VL2p,8
720575940607804939,VM5v,10
720575940607828233,VA3,11
720575940607828233,VC5,15
720575940607828233,VM5d,14
720575940607828233,VM5v,20
720575940607828233,VM7v,17
720575940607930716,DL1,12
720575940607930716,DM2,9
720575940607930716,DM3,13
720575940607930716,VA2,14
720575940607930716,VA7m,9
720575940607930716,VC4,12
720575940607971908,DM5,9
720575940607971908,DM6,24
720575940607971908,VA6,17
720575940607971908,VC5,18
720575940607971908,VL2a,19
720575940607978820,DL1,19
720575940607978820,VC2,20
720575940607978820,VL2p,11
720575940607978820,VP1d,14
720575940607981636,DM5,29
720575940607981636,VA6,32
720575940607981636,VC2,37
720575940607981636,VM3,21
720575940607984651,DP1l,42
720575940607984651,VA3,27
720575940607984651,VC4,16
720575940607984651,VM1,10
720575940607984651,VM4,27
720575940607993668,D,15
720575940607993668,DA1,10
720575940607993668,DC1,10
720575940607993668,DL5,14
720575940607993668,VA3,15
720575940607993668,VC3,11
720575940608015627,VM1,8
720575940608145877,DM2,14
720575940608145877,DP1m,30
720575940608145877,VA1d,22
720575940608145877,VA7m,13
720575940608145877,VC3,18
720575940608148693,DP1l,6
720575940608148693,VA3,5
720575940608148693,VA6,11
720575940608148693,VC5,6
720575940608176514,DA1,28
720575940608176514,DM4,13
720575940608176514,VA4,18
720575940608176514,VA7l,10
720575940608281180,VA5,8
720575940608281180,VM5v,9
720575940608286556,DM4,16
720575940608286556,VA1v,20
720575940608286556,VA5,10
720575940608286556,VM5d,14
720575940608328713,D,9
720575940608328713,DC1,6
720575940608328713,DL1,7
720575940608328713,DM1,18
720575940608328713,DM3,9
720575940608345867,VA3,14
720575940608345867,VA4,13
720575940608345867,VM5d,34
720575940608345867,VM7v,21
720575940608383243,D,33
720575940608383243,DL2v,15
720575940608383243,DM4,19
720575940608383243,VA1d,36
720575940608383243,VM2,14
720575940608386315,D,22
720575940608386315,DL1,11
720575940608386315,DL2d,16
720575940608386315,VA1v,10
720575940608386315,VA2,20
720575940608386315,VP1d,6
720575940608393739,DC1,18
720575940608393739,DP1l,12
720575940608393739,VM7v,12
720575940608433476,VA6,14
720575940608433476,VA7m,16
720575940608433476,VC3,19
720575940608447241,DA4l,23
720575940608447241,DA4m,18
720575940608447241,DL1,15
720575940608447241,VA6,13
720575940608456715,DC2,25
720575940608456715,DL5,18
720575940608456715,DM2,6
720575940608456715,VA3,18
720575940608456715,VA7m,19
720575940608505795,DA1,6
720575940608505795,DP1l,5
720575940608517385,DM4,13
720575940608517385,DM5,16
720575940608517385,V,14
720575940608524483,DA1,17
720575940608524483,DC1,14
720575940608524483,DC3,21
720575940608524483,DL1,13
720575940608524483,DL2d,11
720575940608524483,VL2a,18
720575940608527150,D,24
720575940608527150,DA4l,10
720575940608527150,DL2d,22
720575940608527150,VL2a,11
720575940608527150,VM4,10
720575940608532675,DC4,45
720575940608532675,DP1l,21
720575940608532675,VA5,14
720575940608532675,VA7m,5
720575940608550409,DM4,6
720575940608550409,DM6,10
720575940608550409,VM5v,5
720575940608550409,VM7v,10
720575940608621614,DC1,8
720575940608621614,DC3,9
720575940608621614,DL2v,29
720575940608621614,VA6,13
720575940608633134,DM1,31
720575940608633134,DM5,22
720575940608633134,VA1d,19
720575940608633134,VA2,27
720575940608633134,VC4,20
720575940608644654,DA1,16
720575940608644654,DC3,22
720575940608644654,VM5d,11
720575940608644654,VM7d,34
720575940608655918,DM1,11
720575940608655918,VM7d,5
720575940608657621,DP1l,6
720575940608657621,DP1m,8
720575940608662485,DM1,28
720575940608662485,VM3,26
720575940608662574,DM1,19
720575940608662574,DM6,12
720575940608662574,DP1l,28
720575940608662574,DP1m,12
720575940608662574,VC3,18
720575940608662574,VM2,13
720575940608662574,VM7d,18
720575940608768213,DA2,5
720575940608768213,VP1d,8
720575940608772821,DM2,18
720575940608772821,DP1l,26
720575940608772821,VL2a,24
720575940608772821,VM4,16
720575940608774776,DC1,13
720575940608774776,DM1,44
720575940608774776,DM2,47
720575940608774776,DM4,31
720575940608801749,DC1,29
720575940608801749,DP1l,19
720575940608801749,VA3,19
720575940608806776,DM1,24
720575940608806776,DM6,14
720575940608806776,DP1m,22
720575940608806776,VA7m,10
720575940608806776,VC3,21
720575940608806776,VM3,16
720575940608820600,DA2,6
720575940608820600,DC1,9
720575940608820600,VA5,13
720575940608820600,VC1,27
720575940608823509,DC2,20
720575940608823509,DC3,12
720575940608823509,VA3,24
720575940608823509,VA5,12
720575940608823509,VM2,22
720575940608823509,VM4,14
720575940609066030,DM1,13
720575940609097058,DM4,6
720575940609097058,DM6,6
720575940609097058,DP1m,5
720575940609097058,VA2,13
720575940609097058,VM2,5
720575940609104579,DA4l,10
720575940609104579,DL5,16
720575940609104579,DM3,10
720575940609104579,DM6,10
720575940609133102,DP1l,19
720575940609133102,VC4,7
720575940609133102,VL2a,25
720575940609143672,DP1l,12
720575940609143672,VM3,9
720575940609143672,VM7d,10
720575940609149394,DC3,19
720575940609149394,DL5,14
720575940609149394,DP1m,17
720575940609149394,VA7m,20
720575940609149394,VM5d,14
720575940609153746,DL2d,12
720575940609153746,DL2v,13
720575940609153746,DM2,16
720575940609153746,DP1m,5
720575940609153746,VA1d,10
720575940609153746,VC2,6
720575940609153746,VM1,15
720575940609163986,VA3,11
720575940609179331,D,10
720575940609179331,DM1,7
720575940609179331,VA3,19
720575940609184210,DL1,11
720575940609184210,DL5,10
720575940609184210,VC2,8
720575940609184210,VM1,12
720575940609190866,DA1,11
720575940609190866,DC1,14
720575940609190866,DL3,11
720575940609190866,VA1d,23
720575940609190866,VA2,20
720575940609190866,VM3,17
720575940609220291,DL5,6
720575940609220291,VM1,6
720575940609226702,DC1,25
720575940609226702,DP1m,16
720575940609226702,VA6,20
720575940609226702,VM5d,19
720575940609226702,VP1d,10
720575940609405646,DC1,8
720575940609405646,DM2,18
720575940609405646,VA6,34
720575940609405646,VC1,13
720575940609405646,VM5d,25
720575940609634571,DL2v,18
720575940609634571,DM2,6
720575940609634571,DM4,11
720575940609634571,DP1m,19
720575940609634571,V,14
720575940609634571,VA4,7
720575940609651554,DL2v,6
720575940609651554,DM1,15
720575940609651554,VA2,7
720575940609684946,DL2v,24
720575940609684946,DP1l,24
720575940609684946,DP1m,20
720575940609684946,VC3,41
720575940609694818,DC3,14
720575940609694818,DL1,25
720575940609694818,DL2v,33
720575940609694818,DM1,15
720575940609871253,DM1,27
720575940609871253,DM5,10
720575940609871253,VA2,18
720575940609871253,VC1,10
720575940609871253,VC2,27
720575940609871253,VM4,12
720575940609873358,DA1,11
720575940609873358,DA4m,7
720575940609873358,DM2,6
720575940609873358,DM4,13
720575940609873358,VP1d,11
720575940609921230,DL2v,6
720575940609921230,DM4,6
720575940609921230,V,5
720575940609935310,DC4,15
720575940609935310,DL1,24
720575940609935310,DP1m,12
720575940609935310,VA5,14
720575940609935310,VA7m,9
720575940609935310,VC1,12
720575940609935310,VM5d,15
720575940609940373,DA4m,16
720575940609940373,DL2v,16
720575940609940373,DL5,16
720575940609940373,VA2,12
720575940609940373,VM1,9
720575940609941653,DC1,6
720575940609941653,DM3,5
720575940609941653,VC5,14
720575940609941653,VM5d,18
720575940609941653,VM7v,11
720575940609944526,DM1,15
720575940609944526,DM2,6
720575940609944526,DP1m,8
720575940609944526,VM2,9
720575940609950869,DA3,13
720575940609950869,DM6,29
720575940609950869,VM2,8
720575940609950869,VM3,28
720575940609950869,VM5d,37
720575940609950869,VM5v,20
720575940609970801,DC1,26
720575940609970801,DM3,18
720575940609970801,DP1m,9
720575940609970801,VA2,21
720575940609979505,DC1,28
720575940609979505,DM4,18
720575940609979505,DP1m,12
720575940609999217,DL2v,22
720575940609999217,DM4,27
720575940609999217,DM5,18
720575940609999217,DP1l,22
720575940610029432,DM5,8
720575940610029432,DM6,31
720575940610029432,VA6,20
720575940610029432,VA7m,19
720575940610029432,VM5d,24
720575940610101210,DL2d,37
720575940610101210,DM3,24
720575940610101210,DM4,13
720575940610101210,VA2,24
720575940610101210,VM2,27
720575940610137050,DM1,12
720575940610137050,DM2,21
720575940610137050,DM4,11
720575940610137050,DP1l,29
720575940610137050,VM3,17
720575940610140378,DM2,5
720575940610140378,DP1m,12
720575940610140378,VA1v,17
720575940610140378,VM7d,11
720575940610147826,DA1,10
720575940610147826,DC1,13
720575940610147826,DC2,16
720575940610147826,VA3,10
720575940610147826,VA6,13
720575940610147826,VL2p,6
720575940610167987,DM1,22
720575940610167987,DM3,16
720575940610167987,DM4,26
720575940610167987,VA2,27
720575940610175218,DL2v,19
720575940610175218,DM2,23
720575940610175218,DM3,12
720575940610175218,DM4,23
720575940610175218,DP1m,9
720575940610191795,DM1,22
720575940610191795,DM2,5
720575940610191795,VA7m,20
720575940610191795,VC4,14
720575940610206387,DL1,22
720575940610206387,DL2d,25
720575940610206387,DL2v,17
720575940610206387,VA7l,12
720575940610206387,VC1,12
720575940610210034,DM6,11
720575940610210034,VA5,15
720575940610210034,VC2,11
720575940610210034,VM5v,12
720575940610336610,DM1,16
720575940610336610,DM2,24
720575940610336610,DM4,15
720575940610336610,VA2,14
720575940610336610,VL2p,12
720575940610347929,DL1,30
720575940610347929,DM2,12
720575940610347929,DM6,32
720575940610347929,VC3,26
720575940610358501,DA1,19
720575940610358501,DL2v,9
720575940610358501,DM1,14
720575940610358501,DM4,18
720575940610358501,DP1m,20
720575940610358501,VA2,17
720575940610375726,VA5,18
720575940610375726,VC3,21
720575940610375726,VM7v,20
720575940610386661,DM1,26
720575940610386661,VA1v,11
720575940610386661,VA2,22
720575940610386661,VM3,8
720575940610406776,DL2d,31
720575940610406776,DL4,25
720575940610406776,V,14
720575940610406776,VA7m,13
720575940610406776,VL2a,14
720575940610470130,DM1,8
720575940610470130,DM6,18
720575940610470130,DP1m,6
720575940610470130,VM2,5
720575940610470130,VM5d,18
720575940610470130,VM5v,13
720575940610505621,DA2,5
720575940610505621,DC1,16
720575940610505621,DC4,18
720575940610505621,DM6,7
720575940610505621,VA5,7
720575940610505621,VM5v,12
720575940610669786,DL1,6
720575940610669786,DM1,12
720575940610676403,DM2,14
720575940610676403,DM3,11
720575940610676403,VC1,18
720575940610676403,VM7v,17
720575940610690162,DM1,27
720575940610690162,DM2,24
720575940610690162,VA2,12
720575940610690162,VC3,18
720575940610690162,VC4,8
720575940610690162,VM3,11
720575940610690162,VM7d,22
720575940610691507,DC1,18
720575940610691507,DC2,13
720575940610691507,DP1m,13
720575940610710130,DA1,11
720575940610710130,DC1,11
720575940610710130,DM4,11
720575940610710130,VA6,13
720575940610743282,DC2,17
720575940610743282,DL1,16
720575940610743282,VA1v,24
720575940610743282,VL2p,8
720575940610773171,VL2p,8
720575940610773714,DM4,6
720575940610773714,VM3,5
720575940610784179,DL1,16
720575940610793395,DM1,26
720575940610793395,DP1m,10
720575940610793395,VM5d,9
720575940610793395,VM7v,5
720575940610906521,VA5,14
720575940610906521,VL2a,30
720575940610906521,VM4,25
720575940610907490,DA3,6
720575940610907490,DP1m,14
720575940610907490,VA4,16
720575940610907490,VC5,23
720575940610943897,DC3,11
720575940610943897,DM1,20
720575940610943897,DM4,9
720575940610943897,VC4,12
720575940610943897,VM3,20
720575940610943897,VM5d,17
720575940610943897,VM7d,23
720575940610944022,DM4,14
720575940610944022,VA4,17
720575940610944022,VM5d,19
720575940610945558,DA4m,5
720575940610945558,DC1,11
720575940610945558,VA1v,9
720575940610945558,VL1,8
720575940610946070,DC3,16
720575940610946070,VA1v,18
720575940610946070,VC1,8
720575940610946070,VC5,20
720575940610946070,VM2,20
720575940610946730,DL1,13
720575940610946730,DL2v,11
720575940610946730,DL5,16
720575940610946730,DM4,9
720575940610946730,DP1m,14
720575940610946730,VA3,25
720575940610946730,VC1,8
720575940610952089,VL2p,6
720575940610960994,DC2,28
720575940610960994,VA5,13
720575940610960994,VA6,20
720575940610960994,VC1,9
720575940610960994,VL2p,13
720575940610960994,VM7d,25
720575940610963734,DP1l,15
720575940610963734,VA2,9
720575940610963734,VC3,10
720575940610963734,VM2,17
720575940610963734,VM5d,19
720575940610990821,DL2v,16
720575940610990821,DM3,6
720575940610990821,DP1m,11
720575940611001061,D,13
720575940611001061,DA1,14
720575940611001061,DC2,12
720575940611001061,V,12
720575940611001061,VA6,6
720575940611045700,DM6,10
720575940611045700,VA7l,12
720575940611045700,VC2,11
720575940611045700,VC3,28
720575940611045700,VM4,14
720575940611045700,VM5v,21
720575940611098517,D,7
720575940611098517,DA1,8
720575940611098517,VA1v,7
720575940611110468,DC2,13
720575940611110468,DM2,5
720575940611110468,DM6,5
720575940611110468,VM5d,7
720575940611111061,D,15
720575940611111061,DA1,20
720575940611111061,VC2,18
720575940611111061,VM5d,29
720575940611111061,VP1d,7
720575940611111829,DC1,19
720575940611111829,DM1,18
720575940611111829,DM5,23
720575940611111829,VA2,23
720575940611111829,VM4,13
720575940611129571,DM2,10
720575940611129571,DM4,10
720575940611129571,VA6,28
720575940611129571,VM3,21
720575940611204323,DP1m,7
720575940611210865,DC1,14
720575940611210865,DL2v,30
720575940611210865,VA3,17
720575940611210865,VA4,30
720575940611210865,VM5d,24
720575940611343054,DL3,20
720575940611343054,DM4,19
720575940611343054,DP1m,37
720575940611343054,VC3,20
720575940611343054,VM1,14
720575940611343054,VM4,14
720575940611343218,DL1,15
720575940611343218,VM5v,10
720575940611450134,DM3,16
720575940611450134,DP1l,25
720575940611450134,VA3,20
720575940611450134,VM5d,30
720575940611453107,DM1,9
720575940611453107,DM2,5
720575940611453107,DM4,10
720575940611453107,VC3,7
720575940611532949,D,26
720575940611532949,DL2d,8
720575940611532949,VA4,10
720575940611532949,VA7m,15
720575940611532949,VC2,9
720575940611532949,VC3,16
720575940611532949,VL2a,16
720575940611532949,VM5d,13
720575940611569301,DA2,5
720575940611569301,DA4l,5
720575940611569301,VA6,13
720575940611569301,VC1,18
720575940611579541,DA1,17
720575940611579541,DL1,24
720575940611579541,DM2,6
720575940611579541,V,5
720575940611579541,VC3,11
720575940611586453,DM2,25
720575940611586453,DM3,5
720575940611586453,DM4,13
720575940611586453,DP1l,37
720575940611611378,DC1,15
720575940611611378,DM2,6
720575940611611378,VA6,24
720575940611611378,VC3,20
720575940611611378,VM5v,18
720575940611660714,DM6,11
720575940611660714,DP1m,7
720575940611660714,VA6,11
720575940611660714,VC3,7
720575940611660714,VM7v,13
720575940611664281,DC1,10
720575940611664281,DC3,14
720575940611664281,DL1,15
720575940611664281,DP1m,16
720575940611664281,VA4,8
720575940611664281,VA7l,10
720575940611686629,DM2,9
720575940611686629,DM5,7
720575940611686629,DP1m,18
720575940611686629,VA3,12
720575940611686629,VA6,8
720575940611686629,VM3,10
720575940611686809,DP1m,19
720575940611686809,VA2,20
720575940611686809,VA5,15
720575940611686809,VA7m,21
720575940611686809,VC1,24
720575940611686809,VC3,19
720575940611686809,VM4,15
720575940611696042,DA4l,14
720575940611696042,DC2,19
720575940611696042,V,12
720575940611696042,VA2,7
720575940611696042,VL2a,15
720575940611696042,VM5d,17
720575940611704813,DM1,23
720575940611704813,DP1m,28
720575940611704813,VA3,8
720575940611733997,DM1,33
720575940611733997,VC1,22
720575940611733997,VC3,17
720575940611733997,VC5,10
720575940611748594,DP1l,26
720575940611748594,VA1d,16
720575940611748594,VA3,34
720575940611748594,VL2a,25
720575940611748594,VM5d,25
720575940611769059,DM1,10
720575940611771029,DA4m,12
720575940611802330,D,18
720575940611802330,DA3,13
720575940611802330,VA2,17
720575940611802330,VA6,15
720575940611802330,VM5d,16
720575940611837809,DM1,19
720575940611837809,DM4,13
720575940611837809,VM3,5
720575940611855729,DM1,37
720575940611855729,VA3,14
720575940611855729,VA5,8
720575940611936474,DA1,12
720575940611936474,DA4l,14
720575940611936474,DL2d,20
720575940611936474,DM6,23
720575940611936474,DP1m,19
720575940611943976,DL2v,17
720575940611943976,DM3,8
720575940611943976,VA4,7
720575940611943976,VM3,5
720575940611943976,VM5d,11
720575940611943976,VM7v,20
720575940611946482,VA5,12
720575940611946482,VC3,16
720575940611946482,VM4,16
720575940611946482,VM7v,17
720575940611960872,VA6,20
720575940611960872,VL1,20
720575940611985448,DL2v,27
720575940611985448,DM5,11
720575940611985448,V,11
720575940611985448,VC4,12
720575940611985448,VM3,8
720575940611987240,DC3,16
720575940611987240,DL2v,9
720575940611987240,DM1,15
720575940611987240,DM2,22
720575940611987240,DM4,9
720575940611987240,VA4,10
720575940611988008,DM1,18
720575940611988008,DM2,22
720575940611988008,VA2,5
720575940611988008,VC3,11
720575940611988008,VM3,12
720575940612008818,DM2,8
720575940612008818,VA5,19
720575940612008818,VC3,15
720575940612008818,VM7d,42
720575940612009903,DL5,20
720575940612009903,DM6,33
720575940612009903,DP1l,28
720575940612009903,VA4,19
720575940612009903,VM7d,11
720575940612019570,VM5d,10
720575940612019570,VM7v,5
720575940612091601,DL2v,26
720575940612091601,DL5,15
720575940612091601,DP1l,26
720575940612091601,DP1m,13
720575940612091601,VM4,13
720575940612151538,DA4l,10
720575940612151538,DC1,21
720575940612151538,DP1l,28
720575940612151538,VA6,15
720575940612151538,VC2,6
720575940612151538,VM5d,16
720575940612178418,VL1,6
720575940612178418,VM1,28
720575940612190693,D,17
720575940612190693,DC2,13
720575940612190693,DM1,14
720575940612190693,VA1v,14
720575940612190693,VA4,6
720575940612240918,DC3,12
720575940612240918,DL1,12
720575940612240918,VM7d,27
720575940612266213,DA1,18
720575940612266213,VA7m,10
720575940612266213,VC4,11
720575940612266213,VL2p,9
720575940612337203,DM4,19
720575940612337203,DM6,39
720575940612337203,DP1l,12
720575940612337203,VA4,36
720575940612339370,DL1,30
720575940612339370,DP1m,22
720575940612339370,VA1d,16
720575940612339370,VA1v,19
720575940612339810,DA1,21
720575940612339810,DM4,9
720575940612339810,DM6,25
720575940612339810,VC4,17
720575940612339810,VM7d,21
720575940612352423,DC3,21
720575940612352423,DC4,24
720575940612352423,DP1m,10
720575940612362663,VA6,15
720575940612372650,DC1,6
720575940612372650,DP1l,5
720575940612384665,VA7m,21
720575940612384665,VM1,13
720575940612384665,VM5d,21
720575940612421290,DC1,23
720575940612421290,DC2,20
720575940612421290,DP1l,17
720575940612421290,DP1m,6
720575940612421290,VA5,29
720575940612421290,VL2p,5
720575940612421290,VM5d,19
720575940612435198,DM1,13
720575940612435198,DP1l,30
720575940612435198,VA4,10
720575940612435198,VL2a,14
720575940612435454,DM2,16
720575940612435454,VC3,41
720575940612450730,DA4m,11
720575940612450730,DC2,24
720575940612450730,DM6,20
720575940612450730,VA2,10
720575940612450730,VL2a,5
720575940612450730,VM5v,13
720575940612453603,DL1,13
720575940612453603,DL2d,25
720575940612453603,VA7m,22
720575940612490723,DC1,8
720575940612490723,DL4,5
720575940612490723,DM2,14
720575940612490723,DM6,12
720575940612490723,VL2a,10
720575940612490723,VM5v,6
720575940612490723,VM7d,17
720575940612563454,DM6,24
720575940612563454,VC1,26
720575940612563454,VL2p,10
720575940612563454,VM3,18
720575940612572670,DC2,11
720575940612572670,DP1l,5
720575940612572670,DP1m,11
720575940612572670,VA7l,6
720575940612572670,VC3,8
720575940612572670,VM5d,14
720575940612575230,DA4l,6
720575940612575230,DL1,12
720575940612575230,VC5,5
720575940612575230,VM5d,7
720575940612575230,VM5v,9
720575940612576254,DL1,22
720575940612576254,DM4,14
720575940612576254,DM6,15
720575940612576254,VC4,15
720575940612576254,VM3,14
720575940612587286,DC1,18
720575940612587286,DC2,6
720575940612587286,VC2,8
720575940612587286,VC3,18
720575940612590754,D,14
720575940612590754,DC2,20
720575940612590754,DL5,31
720575940612590754,VL2p,24
720575940612590754,VM4,18
720575940612606673,DP1l,19
720575940612606673,VC4,6
720575940612607953,DL2v,29
720575940612607953,DM1,6
720575940612607953,DP1l,28
720575940612607953,VA4,39
720575940612607953,VA5,7
720575940612647282,DL1,23
720575940612647282,DL2d,31
720575940612647282,VA3,21
720575940612647282,VC2,17
720575940612647282,VP1d,13
720575940612664482,DM1,29
720575940612664482,DM4,5
720575940612664482,VA2,14
720575940612664482,VC3,11
720575940612664482,VL2a,14
720575940612668018,DA2,7
720575940612668018,DP1m,10
720575940612668018,VL2a,8
720575940612668018,VM1,13
720575940612668018,VM5d,16
720575940612686358,DA1,14
720575940612686358,DC1,6
720575940612686358,DL1,14
720575940612686358,DM4,20
720575940612686358,DM6,15
720575940612686358,VC2,9
720575940612690338,DM2,9
720575940612690338,DP1l,16
720575940612690338,V,6
720575940612706706,DC1,12
720575940612706706,DL2v,17
720575940612706706,DM4,7
720575940612706706,DP1m,23
720575940612706706,VA4,16
720575940612714671,DM2,10
720575940612714671,DP1l,19
720575940612714671,DP1m,22
720575940612714671,VL2p,7
720575940612714671,VM1,26
720575940612717202,DA1,18
720575940612717202,DA4l,5
720575940612717202,DP1l,20
720575940612717202,VA6,7
720575940612717202,VA7l,15
720575940612717202,VM5d,16
720575940612725906,DC4,28
720575940612725906,DM1,13
720575940612725906,DP1m,17
720575940612725906,VA2,17
720575940612725906,VC3,9
720575940612725906,VM3,7
720575940612725906,VM5d,7
720575940612725906,VM5v,15
720575940612728466,DC3,10
720575940612728466,DC4,20
720575940612728466,DL5,11
720575940612728466,DM6,15
720575940612728466,VC5,8
720575940612729714,DC2,14
720575940612729714,DP1m,20
720575940612729714,VM5d,7
720575940612729714,VM5v,16
720575940612740466,DL1,21
720575940612740466,VA5,15
720575940612740466,VA6,6
720575940612740466,VC3,12
720575940612740466,VL2a,7
720575940612740886,VA1d,21
720575940612740886,VA3,8
720575940612740886,VA6,12
720575940612747158,DM1,18
720575940612747158,DP1l,18
720575940612754582,DC1,5
720575940612754582,VA3,23
720575940612754582,VL2p,14
720575940612754582,VM3,9
720575940612758934,DM1,24
720575940612765846,DM1,22
720575940612765846,DM2,12
720575940612765846,DP1l,25
720575940612765846,VC4,25
720575940612765846,VM7d,28
720575940612766102,DP1m,10
720575940612766102,VM2,9
720575940612770418,DA2,10
720575940612770418,DC1,8
720575940612770418,DC3,15
720575940612770418,VM2,25
720575940612778646,DC1,13
720575940612778646,DC3,20
720575940612778646,VA1v,10
720575940612778646,VA7m,10
720575940612846962,DC1,8
720575940612846962,DC3,10
720575940612846962,DL2v,6
720575940612846962,VA6,11
720575940612853354,DL2d,13
720575940612853354,VA1d,7
720575940612896106,DL1,20
720575940612896106,DL2v,35
720575940612896106,VA2,25
720575940612896106,VM3,18
720575940612924522,VA1d,35
720575940612924522,VC2,32
720575940612924522,VL2p,29
720575940612924522,VM1,31
720575940613017059,DL1,5
720575940613017059,DL2d,11
720575940613017059,VM3,6
720575940613041123,DA4l,8
720575940613042403,DC3,12
720575940613042403,DL2d,21
720575940613042403,DL5,13
720575940613042403,VC2,9
720575940613042403,VL2p,23
720575940613071587,DC3,26
720575940613071587,DL4,8
720575940613071587,VM4,6
720575940613119459,DL2d,9
720575940613119459,VA4,7
720575940613156067,DM1,13
720575940613156067,DP1m,22
720575940613156067,VM3,9
720575940613156067,VM5d,28
720575940613188319,DC1,13
720575940613188319,DL1,17
720575940613188319,DP1m,21
720575940613188319,VC2,24
720575940613188319,VM1,25
720575940613188319,VM3,6
720575940613213151,DP1m,11
720575940613213151,VM2,5
720575940613248479,DC3,15
720575940613248479,DM2,24
720575940613258975,VA6,6
720575940613258975,VC3,6
720575940613272799,DL1,10
720575940613272799,DM1,22
720575940613272799,DM4,10
720575940613272799,VA4,8
720575940613272799,VC3,11
720575940613272799,VM5v,18
720575940613284063,DM4,11
720575940613284063,DM6,9
720575940613284063,V,11
720575940613284063,VA1d,6
720575940613284063,VM2,13
720575940613353538,DL1,18
720575940613353538,VA5,17
720575940613353538,VC3,10
720575940613353538,VM5v,8
720575940613364461,D,5
720575940613364461,DL1,6
720575940613383633,DC3,15
720575940613383633,DL5,20
720575940613383633,VA1v,20
720575940613383633,VC3,28
720575940613383633,VC4,9
720575940613386050,DP1m,22
720575940613386050,VA1d,13
720575940613386050,VA6,16
720575940613403458,DC2,23
720575940613403458,VA3,12
720575940613403458,VL2p,7
720575940613403458,VM5v,9
720575940613403458,VM7d,13
720575940613421890,DM2,20
720575940613421890,DM6,15
720575940613421890,DP1l,25
720575940613421890,VA2,15
720575940613434178,DM6,23
720575940613434178,DP1m,49
720575940613460034,DA1,8
720575940613478422,DC1,6
720575940613478422,DL1,14
720575940613478422,DL2d,20
720575940613478422,DP1m,13
720575940613478422,VA3,15
720575940613478422,VC1,6
720575940613478422,VL2p,11
720575940613501855,DA1,14
720575940613501855,DL2d,18
720575940613501855,DM4,20
720575940613501855,DP1m,18
720575940613501855,VA4,18
720575940613532831,DM1,21
720575940613532831,DP1m,38
720575940613532831,VA6,14
720575940613532831,VM1,24
720575940613540767,DA2,7
720575940613540767,DC1,20
720575940613540767,DM2,6
720575940613540767,DP1m,13
720575940613540767,VA7l,31
720575940613563187,DC1,11
720575940613563187,DL2d,24
720575940613563187,DM3,7
720575940613563187,DP1m,5
720575940613563187,VC3,12
720575940613563187,VM5v,19
720575940613593503,DM1,26
720575940613593503,DM4,15
720575940613593503,VL2a,14
720575940613593503,VM5d,7
720575940613681458,DA1,19
720575940613681458,DM3,18
720575940613681458,DM6,23
720575940613681458,VA7m,16
720575940613681458,VC2,10
720575940613684906,DL2d,13
720575940613684906,DM2,8
720575940613684906,DM3,16
720575940613684906,VA4,15
720575940613690031,DL1,11
720575940613690031,DP1l,16
720575940613690031,VA7l,10
720575940613713704,DC3,21
720575940613713704,DP1l,14
720575940613713704,VA1v,24
720575940613713704,VA7m,13
720575940613713704,VC1,20
720575940613713704,VL1,9
720575940613727399,DL2v,8
720575940613727399,DM2,10
720575940613727399,DP1m,10
720575940613727399,VM7d,9
720575940613737647,VM5d,7
720575940613738415,DP1m,5
720575940613738415,VA3,11
720575940613738415,VM3,6
720575940613764364,DA3,7
720575940613764364,DL5,18
720575940613764364,DM3,16
720575940613764364,DM6,10
720575940613764364,VA1d,17
720575940613764364,VA7m,17
720575940613764364,VM5d,14
720575940613773566,DM3,24
720575940613773566,DP1l,28
720575940613773566,VA1d,29
720575940613773566,VA3,9
720575940613774334,DM1,19
720575940613774334,DM2,19
720575940613774334,VL2a,13
720575940613774334,VM3,14
720575940613776543,VL2a,10
720575940613776543,VM5v,13
720575940613782796,DA1,8
720575940613782796,DA2,7
720575940613782796,DC3,6
720575940613782796,DP1l,9
720575940613782796,VA6,15
720575940613782796,VC5,18
720575940613797295,VP1d,6
720575940613799436,D,8
720575940613799436,DM6,14
720575940613799436,DP1m,20
720575940613799436,VM5d,11
720575940613864498,DC3,13
720575940613864498,DM6,22
720575940613864498,VA1d,26
720575940613864498,VA3,16
720575940613867682,D,16
720575940613867682,DC1,21
720575940613867682,DP1l,24
720575940613867682,VL1,7
720575940613929670,DL2d,7
720575940613929670,DL2v,15
720575940613929670,VL2a,9
720575940613941042,DL1,23
720575940613941042,DM2,34
720575940613941042,DM4,23
720575940613941042,VA5,29
720575940613954769,DL2d,16
720575940613954769,V,5
720575940613954769,VM7v,8
720575940613977041,DC2,8
720575940613977041,VM5v,10
720575940613987635,DC3,23
720575940613987635,DM1,21
720575940613987635,DM3,7
720575940613987635,VC3,8
720575940613987635,VM5d,28
720575940613987635,VM7d,29
720575940613987730,DA4l,8
720575940613987730,DC1,5
720575940613987730,DL1,22
720575940613987730,DL5,10
720575940613987730,VA7l,17
720575940613987730,VC3,11
720575940614008785,DL2d,18
720575940614008785,DP1m,23
720575940614008785,VA7m,34
720575940614008785,VM7v,14
720575940614010419,DL1,18
720575940614010419,DM1,41
720575940614010419,DM4,27
720575940614010419,VC4,18
720575940614027059,DM1,26
720575940614027059,DM5,18
720575940614027059,DP1l,23
720575940614027059,VA2,15
720575940614027059,VM7d,16
720575940614036019,VL2a,14
720575940614036019,VM2,13
720575940614036019,VM3,10
720575940614036019,VM4,9
720575940614036019,VM5d,11
720575940614037811,DC3,6
720575940614037811,DL1,7
720575940614037811,VM2,15
720575940614115515,DM1,21
720575940614115515,DM3,11
720575940614115515,DM5,18
720575940614115515,DM6,27
720575940614115515,VC3,17
720575940614115515,VM3,17
720575940614121147,DA3,7
720575940614121147,DL2d,11
720575940614121147,DM2,12
720575940614121147,VA4,16
720575940614121147,VC5,10
720575940614131131,VM5v,6
720575940614132667,DC1,9
720575940614132667,DM1,25
720575940614132667,DM4,18
720575940614132667,DM6,27
720575940614132667,VC2,44
720575940614132667,VM7v,21
720575940614148283,DM3,21
720575940614148283,VM5d,24
720575940614148283,VM5v,16
720575940614186602,DL3,6
720575940614186602,VA1d,20
720575940614186602,VA3,20
720575940614186602,VC3,10
720575940614186602,VC4,22
720575940614186602,VM5d,31
720575940614186602,VM7d,8
720575940614199914,DM5,13
720575940614199914,VA5,22
720575940614199914,VC4,23
720575940614199914,VC5,17
720575940614199914,VL2p,12
720575940614200426,DP1l,16
720575940614200426,VA1d,47
720575940614200426,VA3,29
720575940614200426,VL2p,23
720575940614207850,DC4,11
720575940614207850,DL5,17
720575940614207850,VP1d,13
720575940614224490,DA1,13
720575940614224490,DC4,22
720575940614224490,DM5,9
720575940614224490,VM5d,7
720575940614229159,DA1,8
720575940614229159,DC1,8
720575940614229415,DA1,11
720575940614229415,VA6,11
720575940614229758,DP1m,8
720575940614240766,DP1m,6
720575940614240766,VC5,8
720575940614251670,DP1m,7
720575940614251670,VA1d,19
720575940614251670,VA4,13
720575940614251670,VA7m,9
720575940614251670,VC1,14
720575940614282238,DP1m,10
720575940614282238,VA4,15
720575940614282238,VA6,9
720575940614282238,VC4,11
720575940614282238,VM5v,20
720575940614283006,DA2,8
720575940614283006,DL5,37
720575940614283006,VA1d,10
720575940614283006,VM4,10
720575940614306814,DL1,6
720575940614306814,DP1m,6
720575940614306814,VC2,5
720575940614313996,D,34
720575940614313996,VC1,6
720575940614318482,DM1,9
720575940614318482,DM4,16
720575940614318482,VA5,6
720575940614318482,VM3,7
720575940614327202,DC1,10
720575940614327202,DL1,16
720575940614327202,VA5,6
720575940614348394,VA1v,8
720575940614348394,VC5,8
720575940614348394,VM5v,26
720575940614348394,VM7d,37
720575940614418118,DA1,10
720575940614418118,DM1,21
720575940614418118,VA3,7
720575940614418118,VM7v,9
720575940614428722,VA1d,12
720575940614428722,VA1v,13
720575940614428722,VA3,16
720575940614428722,VA6,9
720575940614447922,DL2d,27
720575940614447922,VA7m,33
720575940614447922,VM2,17
720575940614486690,DL4,8
720575940614486690,DP1m,6
720575940614486690,VA1v,33
720575940614486690,VL2p,6
720575940614490018,DL2v,6
720575940614490018,DM1,16
720575940614490018,VA2,6
720575940614490018,VC3,9
720575940614495093,DL1,12
720575940614495093,DM2,19
720575940614495093,VL2a,13
720575940614495138,DA2,6
720575940614495138,DA4l,6
720575940614495138,DL5,15
720575940614495138,VL1,13
720575940614524127,DA1,28
720575940614524127,DA2,9
720575940614524127,DC1,32
720575940614524127,VA1v,28
720575940614524127,VA2,7
720575940614524127,VL2a,12
720575940614544034,DM1,24
720575940614544034,VA3,7
720575940614544034,VA7l,10
720575940614544034,VM5v,18
720575940614551954,DP1m,5
720575940614551954,VM2,5
720575940614606738,D,22
720575940614606738,VA3,24
720575940614606738,VC1,11
720575940614606738,VC3,25
720575940614606738,VC5,7
720575940614606738,VM4,10
720575940614614203,D,14
720575940614614203,DA1,14
720575940614714518,D,12
720575940614714518,DC2,17
720575940614714518,VC3,5
720575940614714518,VL2a,10
720575940614714518,VM7d,15
720575940614742687,DA1,10
720575940614742687,DC3,26
720575940614742687,DP1m,18
720575940614742687,VA7l,5
720575940614742687,VP1d,14
720575940614744991,DA1,9
720575940614744991,DM2,8
720575940614744991,DM3,20
720575940614744991,VA5,11
720575940614744991,VA7m,22
720575940614744991,VC5,5
720575940614744991,VL2a,12
720575940614768278,DA2,13
720575940614768278,DA4l,13
720575940614768278,DP1m,35
720575940614768278,VM5d,27
720575940614770847,DA1,15
720575940614770847,DC3,10
720575940614770847,VA2,20
720575940614770847,VP1d,20
720575940614772383,DC1,37
720575940614772383,DL2d,13
720575940614772383,VM1,31
720575940614772383,VM2,34
720575940614778454,DL5,20
720575940614778454,VC2,21
720575940614803286,DL2v,15
720575940614803286,DM2,13
720575940614803286,DM3,8
720575940614803286,VL2a,9
720575940614803286,VL2p,8
720575940614811222,DM3,20
720575940614811222,VA5,16
720575940614811222,VC3,12
720575940614811222,VM2,13
720575940614811222,VM5d,24
720575940614811222,VM7d,17
720575940614816598,DA1,24
720575940614816598,DC2,14
720575940614816598,VA1v,25
720575940614816598,VP1d,6
720575940614822506,VP1d,10
720575940614822742,DL2v,23
720575940614822742,DP1m,17
720575940614822742,VL2a,11
720575940614845802,DC2,22
720575940614845802,VA1v,18
720575940614845802,VA6,5
720575940614845802,VA7l,11
720575940614845802,VA7m,14
720575940614845802,VL1,13
720575940614854294,DM1,42
720575940614854294,VL2p,23
720575940614854294,VM7v,37
720575940614861974,D,7
720575940614861974,DM5,6
720575940614861974,VA3,20
720575940614861974,VM5d,9
720575940614861974,VM5v,13
720575940614862230,DM4,7
720575940614862230,DM6,5
720575940614862230,DP1l,13
720575940614862230,VA2,6
720575940614869387,DM1,11
720575940614869387,DM6,14
720575940614869387,VM2,5
720575940614887830,DL1,23
720575940614887830,DM1,35
720575940614887830,VA2,14
720575940614887830,VL2a,30
720575940614887830,VL2p,22
720575940614888854,VA1d,26
720575940614888854,VA6,22
720575940614888854,VC3,23
720575940614890902,DL2v,9
720575940614890902,DM2,5
720575940614890902,VM3,6
720575940614899851,DA4l,8
720575940614899851,DL1,27
720575940614899851,DM3,22
720575940614899851,DP1m,14
720575940614899851,VA5,24
720575940614900886,DA1,16
720575940614900886,DP1m,5
720575940614900886,VM7d,14
720575940614902667,DC1,10
720575940614902667,DL2v,29
720575940614902667,DM6,22
720575940614902667,VM3,20
720575940614902667,VM4,15
720575940614909579,VA2,8
720575940614909579,VA4,19
720575940614909579,VA6,20
720575940614925963,DM2,17
720575940614925963,DM4,7
720575940614925963,DP1m,21
720575940614925963,VC2,11
720575940614981087,DA2,6
720575940614981087,DL2d,22
720575940614981087,DL5,17
720575940614981087,VL1,13
720575940614983274,DA1,11
720575940614983274,DC2,13
720575940614983274,DL3,11
720575940615019231,DA1,20
720575940615019231,DC3,20
720575940615019231,VA1v,18
720575940615019231,VA5,14
720575940615019231,VC5,19
720575940615019231,VM5d,16
720575940615019231,VM5v,23
720575940615066335,DP1m,13
720575940615066335,VC3,10
720575940615072373,VC3,14
720575940615101452,DL2v,15
720575940615101452,DM5,11
720575940615101452,DM6,18
720575940615101452,DP1m,6
720575940615101452,VC5,22
720575940615101452,VM5v,10
720575940615125307,DA2,9
720575940615125307,DC1,6
720575940615125307,DL1,19
720575940615125307,DL5,12
720575940615125307,DP1m,10
720575940615125307,VC1,17
720575940615134918,DL1,13
720575940615134918,DM1,16
720575940615134918,DM2,15
720575940615134918,VA2,26
720575940615134918,VC4,16
720575940615134918,VL2a,20
720575940615136059,DM6,19
720575940615136059,VA2,15
720575940615136059,VA3,9
720575940615136059,VM4,23
720575940615136059,VM5v,17
720575940615147788,DA2,12
720575940615147788,DM4,21
720575940615147788,VA1d,18
720575940615147788,VA1v,16
720575940615147788,VL2a,18
720575940615193100,D,20
720575940615193100,DC1,22
720575940615193100,VA1d,33
720575940615193100,VA7l,8
720575940615219778,DM4,22
720575940615219778,VA1v,11
720575940615219778,VA3,13
720575940615243020,DC1,8
720575940615243020,DP1m,12
720575940615243020,VM1,23
720575940615243020,VM4,20
720575940615243020,VM5d,25
720575940615252786,DM6,26
720575940615252786,VA3,10
720575940615252786,VC1,19
720575940615252786,VM4,11
720575940615252786,VM7v,11
720575940615255090,VM3,15
720575940615263903,DC1,6
720575940615263903,DC4,9
720575940615263903,DL2d,17
720575940615263903,VC1,18
720575940615263903,VM5v,14
720575940615270962,D,15
720575940615270962,DC1,20
720575940615270962,DL1,16
720575940615270962,VA1d,8
720575940615270962,VC3,15
720575940615289759,DC2,9
720575940615289759,VP1d,6
720575940615323990,DA4l,10
720575940615323990,DL2v,30
720575940615323990,VA3,19
720575940615323990,VA7m,6
720575940615323990,VC5,22
720575940615344315,DL5,17
720575940615344315,DP1m,36
720575940615344315,VC4,31
720575940615346363,DC1,25
720575940615346363,DP1l,12
720575940615346363,VA2,11
720575940615346363,VA3,23
720575940615346363,VM5d,15
720575940615346363,VM5v,27
720575940615356347,DL2d,34
720575940615356347,VA1v,16
720575940615356347,VC5,33
720575940615356347,VL2p,5
720575940615386324,D,24
720575940615386324,VA7l,31
720575940615386324,VL2a,18
720575940615386324,VM4,26
720575940615401433,DC1,10
720575940615401433,DM2,10
720575940615401433,DM5,13
720575940615401433,VA5,15
720575940615401433,VA6,11
720575940615401433,VL2p,25
720575940615409625,DM1,29
720575940615409625,DM2,23
720575940615409625,DM4,20
720575940615409625,VM3,21
720575940615447764,DL5,9
720575940615447764,DP1l,21
720575940615447764,VA3,25
720575940615447764,VC2,18
720575940615447764,VC4,5
720575940615456985,DL2v,20
720575940615456985,DM3,25
720575940615456985,DM4,35
720575940615456985,VC3,29
720575940615456985,VC4,15
720575940615465433,DC1,9
720575940615465433,DM1,15
720575940615465433,VC3,6
720575940615465433,VC4,13
720575940615465433,VL2a,13
720575940615465433,VM2,14
720575940615465433,VM7d,20
720575940615481489,DM1,17
720575940615481489,DM2,16
720575940615481489,DM4,10
720575940615481489,VA2,15
720575940615481489,VA4,5
720575940615481489,VC2,29
720575940615507641,DC1,5
720575940615507641,DP1m,21
720575940615539385,DM5,12
720575940615539385,VL2p,9
720575940615569723,DL1,12
720575940615569723,DL2d,16
720575940615569723,DP1l,17
720575940615569723,V,16
720575940615569723,VC5,11
720575940615569723,VM5v,25
720575940615571601,DL2d,16
720575940615571601,VA1d,6
720575940615571601,VC4,10
720575940615651014,D,18
720575940615651014,DA1,10
720575940615651014,DL5,19
720575940615651014,DP1m,5
720575940615651014,VA5,11
720575940615651014,VM5d,20
720575940615696070,DL2v,21
720575940615696070,DM1,29
720575940615696070,DM2,25
720575940615696070,DM6,29
720575940615696070,VM3,14
720575940615714060,DC3,17
720575940615714060,DL1,24
720575940615714060,VA3,18
720575940615714060,VC2,9
720575940615728102,DM1,18
720575940615728102,DM4,23
720575940615728102,DM6,10
720575940615728102,VA4,12
720575940615728102,VM7d,24
720575940615737531,DC3,24
720575940615737531,VC2,25
720575940615764422,V,9
720575940615764422,VA1v,16
720575940615764422,VM5d,13
720575940615764422,VM7d,6
720575940615768693,DM1,23
720575940615768693,VM3,18
720575940615780353,DP1m,18
720575940615780353,V,9
720575940615783837,DL2v,42
720575940615783837,VL2p,18
720575940615785228,DL2d,20
720575940615785228,DP1m,20
720575940615785228,VA7m,5
720575940615785228,VC4,11
720575940615798540,VA6,13
720575940615798540,VA7m,9
720575940615816754,DA1,8
720575940615816754,DC3,6
720575940615816754,DL2d,26
720575940615816754,VA6,11
720575940615816754,VC2,16
720575940615816754,VC5,12
720575940615838662,DM6,14
720575940615838662,DP1m,14
720575940615838662,VA1d,31
720575940615838662,VM5v,14
720575940615876294,DC1,28
720575940615876294,DL2d,27
720575940615876294,DP1l,10
720575940615876294,VA6,41
720575940615876294,VC2,21
720575940615876294,VC5,18
720575940615876294,VL2p,6
720575940615894173,DL2v,22
720575940615894173,DM2,15
720575940615894173,VA5,6
720575940615894173,VM1,15
720575940615896989,DM1,25
720575940615896989,DM2,22
720575940615896989,DM4,15
720575940615896989,DM5,21
720575940615896989,VC3,16
720575940615897245,DM1,16
720575940615897245,VA2,9
720575940615897245,VA3,19
720575940615897501,DC1,13
720575940615897501,DL1,20
720575940615897501,DM1,15
720575940615897501,DP1m,8
720575940615897501,VC5,28
720575940615901597,DM1,14
720575940615901597,DM2,5
720575940615901597,DP1m,18
720575940615901597,VA2,10
720575940615901597,VM5d,10
720575940615901597,VM5v,14
720575940615907997,DL5,8
720575940615907997,VA1d,20
720575940615907997,VA2,17
720575940615907997,VA7m,15
720575940615927197,DC1,32
720575940615927197,DC3,25
720575940615927197,VC2,22
720575940615927197,VL2a,26
720575940615927197,VM5v,19
720575940615931293,D,17
720575940615931293,DC2,35
720575940615931293,DC3,7
720575940615931293,DP1m,22
720575940615931293,VA5,14
720575940615931293,VA6,10
720575940615961684,DC1,7
720575940615961684,DP1m,12
720575940615961684,VL2p,14
720575940615964884,DM6,33
720575940615964884,DP1l,18
720575940615964884,DP1m,11
720575940615964884,VC3,14
720575940615964884,VM2,24
720575940615974493,DC1,17
720575940615974493,DM2,17
720575940615974493,VA7l,15
720575940615974493,VM5d,17
720575940615975227,DL2v,9
720575940615975227,DP1m,9
720575940615975227,VC3,9
720575940615975227,VC5,5
720575940616041913,DA1,5
720575940616041913,VC5,7
720575940616041913,VM5v,8
720575940616044850,DA1,12
720575940616044850,DC4,11
720575940616044850,DL1,13
720575940616044850,VL2p,6
720575940616052625,DM1,24
720575940616052625,DM2,28
720575940616052625,DP1m,34
720575940616052625,VA4,24
720575940616087323,VA7m,18
720575940616087323,VC2,7
720575940616087323,VM3,12
720575940616087323,VM5d,19
720575940616095517,D,12
720575940616095517,DC1,13
720575940616095517,DC3,20
720575940616095517,DL5,15
720575940616095517,VC5,17
720575940616097163,DC1,9
720575940616097163,DL3,6
720575940616097163,VA1d,17
720575940616097163,VA7l,20
720575940616105302,DA3,13
720575940616105302,DL2d,16
720575940616105302,DP1m,13
720575940616105302,VA1d,9
720575940616105302,VA3,12
720575940616105302,VA7m,15
720575940616105302,VL2p,7
720575940616109398,D,16
720575940616109398,DA4m,22
720575940616109398,VC2,6
720575940616162373,DC2,14
720575940616162373,DM6,18
720575940616162373,VA3,8
720575940616162373,VA6,12
720575940616189509,DC1,18
720575940616189509,DL1,11
720575940616189509,DL2d,14
720575940616189509,DL2v,12
720575940616189509,DM4,12
720575940616189509,DP1l,11
720575940616189509,VP1d,13
720575940616208965,DL2v,22
720575940616208965,DM1,6
720575940616208965,DM2,8
720575940616208965,VC2,13
720575940616208965,VM7v,11
720575940616222438,VA1d,6
720575940616222438,VM2,6
720575940616245365,DA3,28
720575940616245365,V,13
720575940616245365,VC4,17
720575940616306210,D,9
720575940616306210,VP1d,9
720575940616308597,DC2,21
720575940616308597,DM5,20
720575940616308597,DP1m,40
720575940616308597,VM7d,30
720575940616345403,DP1l,27
720575940616345403,DP1m,9
720575940616345403,VA7l,9
720575940616345403,VM4,9
720575940616345403,VM5d,7
720575940616345403,VM7d,11
720575940616350011,DA4l,12
720575940616350011,DC1,21
720575940616350011,DL5,10
720575940616350011,DP1l,12
720575940616440098,DA1,18
720575940616440098,DM2,12
720575940616440098,DP1m,8
720575940616547648,DM2,16
720575940616547648,DP1l,12
720575940616547648,DP1m,13
720575940616547648,VA3,21
720575940616547904,DA1,6
720575940616547904,DC1,19
720575940616547904,DM2,9
720575940616547904,VA2,19
720575940616547904,VL2a,20
720575940616569227,DC1,14
720575940616569227,DC2,6
720575940616569227,DL2d,9
720575940616569227,VA2,13
720575940616569227,VA7l,7
720575940616569227,VC2,17
720575940616569227,VL2p,5
720575940616569227,VM5d,18
720575940616578646,DA3,17
720575940616578646,DP1l,28
720575940616578646,DP1m,10
720575940616578646,VA4,25
720575940616578646,VM1,19
720575940616588683,DM6,14
720575940616588683,VA3,38
720575940616588683,VA4,19
720575940616588683,VC4,36
720575940616589888,DC1,15
720575940616589888,DP1l,24
720575940616589888,VA2,10
720575940616589888,VA4,41
720575940616589888,VC5,7
720575940616616075,DM1,14
720575940616647990,DM1,22
720575940616647990,DM3,14
720575940616647990,DP1m,31
720575940616647990,VA2,11
720575940616672822,DC1,14
720575940616672822,DM1,13
720575940616672822,DP1m,19
720575940616672822,VA4,5
720575940616672822,VL2p,9
720575940616675638,DC2,16
720575940616675638,DM4,9
720575940616675638,DM6,9
720575940616675638,VA2,7
720575940616677661,VP1d,8
720575940616702262,DA1,27
720575940616702262,DC3,22
720575940616702262,DL1,20
720575940616702262,DM6,24
720575940616702262,VM5d,11
720575940616723549,DL1,35
720575940616723549,DM2,24
720575940616723549,DP1m,22
720575940616723549,VC3,8
720575940616746123,DL2d,12
720575940616746123,VM3,5
720575940616781241,DC1,10
720575940616781241,VA5,18
720575940616781241,VM5d,23
720575940616821393,DA1,15
720575940616821393,DC3,12
720575940616859259,DA4l,15
720575940616859259,VM1,27
720575940616878238,DC4,8
720575940616878238,DM2,16
720575940616878238,DM3,18
720575940616878238,DP1l,10
720575940616878238,DP1m,20
720575940616878238,VA5,15
720575940616887966,DM1,27
720575940616887966,DP1l,30
720575940616887966,VM3,22
720575940616910310,DM1,37
720575940616910310,VM2,13
720575940616911262,DC1,21
720575940616911262,VL1,16
720575940616913822,DA1,6
720575940616913822,VA1v,15
720575940616913822,VA5,16
720575940616913822,VC5,19
720575940616913822,VM5v,18
720575940616955229,DP1m,11
720575940616964766,DA1,13
720575940616964766,DA4l,6
720575940616964766,DC1,27
720575940616964766,DM3,9
720575940616964766,VM5d,10
720575940617021441,DM2,8
720575940617021441,DP1l,21
720575940617021441,DP1m,22
720575940617021441,VA4,8
720575940617021441,VA7m,8
720575940617021441,VM5d,14
720575940617034753,DC1,27
720575940617034753,VA7l,6
720575940617034753,VC1,13
720575940617034753,VC2,13
720575940617034753,VC5,8
720575940617034753,VM5d,13
720575940617071321,DC3,20
720575940617071321,DM1,18
720575940617071321,DM6,16
720575940617071321,DP1l,29
720575940617071321,VM3,8
720575940617077405,DC1,10
720575940617077405,DM1,9
720575940617077405,VA4,7
720575940617077405,VM5d,12
720575940617079257,DC1,13
720575940617079257,DL2v,23
720575940617079257,VC3,12
720575940617079257,VC4,19
720575940617079257,VL2a,15
720575940617079257,VM5d,6
720575940617079257,VM5v,17
720575940617090082,DA1,17
720575940617090082,DL2d,22
720575940617090082,VA3,29
720575940617090082,VA7m,20
720575940617090082,VC5,14
720575940617093533,DM1,13
720575940617093533,DM2,49
720575940617093533,V,23
720575940617093533,VM7d,25
720575940617118016,DM1,12
720575940617118016,VM3,6
720575940617166749,DM5,11
720575940617166749,DM6,21
720575940617166749,VC3,27
720575940617166749,VM7d,18
720575940617166749,VM7v,15
720575940617176413,DM5,8
720575940617176413,DP1l,17
720575940617176413,VC3,17
720575940617176413,VM5d,16
720575940617176413,VM7d,15
720575940617201113,DL2v,27
720575940617201113,DP1m,6
720575940617201113,VA1d,23
720575940617201113,VM4,14
720575940617238457,DC1,12
720575940617238457,DL3,11
720575940617238457,DL5,17
720575940617238457,DP1m,11
720575940617238457,VA7m,13
720575940617249108,DM1,25
720575940617249108,DM6,16
720575940617249108,VA1d,21
720575940617249108,VL2a,12
720575940617249108,VM5d,7
720575940617249629,DC2,16
720575940617249629,DM2,9
720575940617249629,VA6,26
720575940617249629,VM7v,6
720575940617321243,DA4l,15
720575940617321243,DL3,17
720575940617321243,DM4,11
720575940617321243,VC4,13
720575940617321243,VL2p,17
720575940617370909,D,18
720575940617370909,DL1,18
720575940617370909,DP1m,27
720575940617370909,VA5,9
720575940617370909,VM5d,11
720575940617386708,DC2,9
720575940617386708,DL1,12
720575940617386708,DM6,16
720575940617386708,VA4,8
720575940617386708,VA5,8
720575940617386708,VC4,8
720575940617386708,VM5v,6
720575940617390036,DL1,23
720575940617390036,DM1,23
720575940617390036,VA2,21
720575940617390036,VA6,15
720575940617390036,VM5d,17
720575940617395412,DP1m,17
720575940617395412,VA2,12
720575940617395412,VL2a,8
720575940617395412,VM5d,12
720575940617427713,D,21
720575940617427713,DC2,30
720575940617427713,VM3,9
720575940617436305,DA4l,17
720575940617436305,DA4m,9
720575940617436305,DC1,42
720575940617436305,DC2,19
720575940617436305,VA6,9
720575940617436305,VM1,26
720575940617438865,D,30
720575940617438865,DC3,22
720575940617438865,DM4,26
720575940617438865,DP1m,18
720575940617438865,VA7l,28
720575940617452689,DA1,11
720575940617452689,DL1,20
720575940617452689,VA2,22
720575940617452689,VA6,12
720575940617452689,VM3,16
720575940617456798,DL5,16
720575940617456798,DM1,23
720575940617456798,DM4,17
720575940617456798,DP1m,29
720575940617456798,VC4,9
720575940617473051,DC1,25
720575940617473051,DM2,12
720575940617473051,DM4,19
720575940617473748,DA1,18
720575940617473748,DL2v,28
720575940617473748,DL5,20
720575940617473748,VC3,18
720575940617473748,VL2a,14
720575940617474629,DP1m,21
720575940617474629,VA2,24
720575940617474629,VA5,15
720575940617474629,VM7v,31
720575940617492805,DA2,12
720575940617492805,DM1,9
720575940617492805,DP1m,11
720575940617492805,VA7l,14
720575940617492805,VC4,18
720575940617492805,VM5d,16
720575940617514726,DL2v,10
720575940617514726,DP1l,18
720575940617514726,VC4,7
720575940617516760,DC2,10
720575940617516760,DM3,5
720575940617516760,VC3,5
720575940617516760,VM5v,10
720575940617516760,VM7d,16
720575940617529318,DC1,24
720575940617529318,DM2,15
720575940617529318,DP1m,11
720575940617529318,VA2,23
720575940617529318,VC5,19
720575940617605154,DA1,16
720575940617605154,DM3,5
720575940617605154,DM6,13
720575940617605154,VA1d,28
720575940617605154,VA1v,12
720575940617605154,VM2,16
720575940617612578,DL5,32
720575940617612578,DM4,40
720575940617612578,DM6,32
720575940617628962,DL1,21
720575940617628962,DM1,18
720575940617628962,V,19
720575940617628962,VL2p,7
720575940617649969,DM1,32
720575940617649969,DM2,17
720575940617649969,DP1m,29
720575940617649969,VM3,32
720575940617650722,DA1,6
720575940617650722,DC1,9
720575940617650722,DC2,14
720575940617650722,DL2d,12
720575940617650722,DP1m,14
720575940617708747,DL2v,13
720575940617708747,DM1,16
720575940617708747,DM2,17
720575940617708747,DM5,17
720575940617708747,V,12
720575940617727435,DL1,10
720575940617727435,DL2d,10
720575940617727435,DM2,16
720575940617727435,DM6,44
720575940617734603,DA1,19
720575940617734603,DM1,10
720575940617734603,DM2,24
720575940617734603,DM3,16
720575940617734603,DM4,12
720575940617734603,DM6,20
720575940617756450,D,7
720575940617756450,DA4l,6
720575940617756450,DC3,15
720575940617756450,DM4,17
720575940617756450,VC1,6
720575940617756450,VC3,8
720575940617756450,VC5,12
720575940617766228,DA4l,5
720575940617766228,VA1v,30
720575940617766228,VC1,19
720575940617766228,VM4,17
720575940617769217,DA4l,18
720575940617769217,DL2d,27
720575940617769217,DP1m,25
720575940617769217,VA4,15
720575940617807517,DA3,5
720575940617807517,DC3,18
720575940617807517,DL1,13
720575940617807517,VA6,18
720575940617807517,VM4,17
720575940617811540,DC1,16
720575940617811540,DC4,26
720575940617811540,DL1,9
720575940617811540,DL5,6
720575940617811540,VA2,11
720575940617814429,VA1d,13
720575940617814429,VA3,9
720575940617814429,VA5,13
720575940617814429,VA6,13
720575940617814429,VC3,10
720575940617814429,VM5v,10
720575940617834560,DL2d,20
720575940617834560,DM1,24
720575940617834560,DP1m,22
720575940617834560,VA5,7
720575940617834560,VL2p,12
720575940617834560,VM5d,14
720575940617845076,DA3,22
720575940617845076,DL1,28
720575940617845076,VA4,9
720575940617845076,VA7m,24
720575940617845076,VM2,33
720575940617849920,DA2,7
720575940617849920,VC2,20
720575940617849920,VL2p,12
720575940617855133,DA1,16
720575940617855133,DA4m,9
720575940617855133,DC1,17
720575940617855133,VA3,16
720575940617855133,VC3,11
720575940617855133,VL2p,6
720575940617855133,VM5v,17
720575940617856340,DA1,27
720575940617856340,VA2,9
720575940617856340,VA3,15
720575940617856340,VA4,17
720575940617857053,DC1,16
720575940617857053,DL2d,7
720575940617865280,DL1,26
720575940617865280,DP1m,14
720575940617865280,VA6,22
720575940617866048,DA4l,11
720575940617866048,DC3,11
720575940617866048,VA1v,20
720575940617873984,DC1,31
720575940617873984,VA6,13
720575940617873984,VC2,13
720575940617873984,VC5,12
720575940617873984,VM5d,19
720575940617876048,VC2,8
720575940617876048,VL2a,15
720575940617878080,DC1,19
720575940617878080,DM1,53
720575940617878080,VM2,21
720575940617893461,DC1,16
720575940617893461,DM3,15
720575940617893461,DM4,16
720575940617893461,VA4,9
720575940617893461,VC3,24
720575940617893461,VM4,11
720575940617902676,DM6,15
720575940617902676,DP1m,13
720575940617902676,VA3,18
720575940617902676,VC1,20
720575940617908820,DC3,26
720575940617908820,DM1,27
720575940617908820,DM5,10
720575940617908820,VA2,11
720575940617908820,VA6,10
720575940617908820,VM7v,15
720575940617911360,DM1,45
720575940617911360,DM2,33
720575940617911360,VA2,18
720575940617911360,VA4,18
720575940617924432,DA4l,18
720575940617924432,DC3,30
720575940617924432,DM2,12
720575940617924432,DP1m,13
720575940617924432,VM3,13
720575940617924432,VM5d,20
720575940617926198,DL2v,37
720575940617926198,VM1,17
720575940617926198,VM2,22
720575940617937181,DL2d,19
720575940617937181,VA4,12
720575940617937181,VA7l,19
720575940617937181,VC5,15
720575940617937437,DA1,11
720575940617937437,DL1,13
720575940617937437,DM1,16
720575940617937437,DM4,9
720575940617937437,DP1l,14
720575940617937437,DP1m,16
720575940617940048,VA3,11
720575940617940048,VM5v,9
720575940617941046,DC1,10
720575940617941046,DM1,25
720575940617941046,DM3,13
720575940617941046,DM5,7
720575940617941046,DP1m,14
720575940617941046,VA4,22
720575940617963480,DA2,5
720575940617963480,DP1l,30
720575940617963480,VL1,6
720575940617973021,VA7m,6
720575940617982800,DM1,39
720575940617982800,DM3,6
720575940617982800,DM5,12
720575940617982800,DM6,14
720575940617982800,VA6,5
720575940617982800,VL2p,5
720575940617989076,DA4l,9
720575940617989076,DM5,5
720575940617989076,VL2p,12
720575940618015773,DM3,12
720575940618015773,DM4,11
720575940618015773,VA5,7
720575940618015773,VC1,19
720575940618015773,VC3,19
720575940618015773,VC5,11
720575940618036509,DP1l,18
720575940618036509,VM1,6
720575940618131505,DP1l,32
720575940618131505,VA6,20
720575940618131505,VM5d,11
720575940618148406,DM3,8
720575940618148406,VA1v,10
720575940618148406,VA4,13
720575940618148406,VL2p,14
720575940618148406,VM5d,23
720575940618182535,DC1,10
720575940618182535,DM2,14
720575940618182535,VC4,11
720575940618182535,VL2p,5
720575940618182535,VM2,17
720575940618182535,VM7d,13
720575940618182981,DA1,15
720575940618182981,DL2d,11
720575940618182981,DM2,12
720575940618182981,VA1d,11
720575940618182981,VA6,10
720575940618182981,VM5d,8
720575940618183559,DM1,14
720575940618184839,DP1l,28
720575940618184839,VA3,31
720575940618184839,VM2,51
720575940618190238,D,13
720575940618190238,DC4,22
720575940618190238,VA2,18
720575940618190238,VA3,20
720575940618190238,VA4,12
720575940618190238,VM5d,20
720575940618194708,DC2,33
720575940618194708,DL1,27
720575940618194708,VA1v,14
720575940618194708,VL2p,7
720575940618194708,VM5d,17
720575940618198721,DA1,9
720575940618198721,DC2,24
720575940618198721,DL3,13
720575940618198721,VL1,7
720575940618198721,VM4,13
720575940618201620,DL2v,22
720575940618201620,VA3,13
720575940618201620,VC1,19
720575940618201620,VC3,11
720575940618203783,DM1,21
720575940618203783,DM4,26
720575940618203783,V,11
720575940618210251,DL2v,26
720575940618210251,DM3,15
720575940618210251,DM5,11
720575940618210251,DP1m,27
720575940618210251,VA4,8
720575940618210251,VC2,13
720575940618224709,VA2,12
720575940618224709,VC3,16
720575940618224709,VP1d,20
720575940618226085,DM2,11
720575940618226085,VM7d,20
720575940618226245,DC1,9
720575940618226245,VA6,11
720575940618226245,VC2,8
720575940618226245,VC5,16
720575940618226245,VM7v,15
720575940618245569,DC2,27
720575940618245569,VA5,13
720575940618258742,DM1,24
720575940618258742,DM4,17
720575940618258742,VA3,18
720575940618258742,VC1,18
720575940618258742,VC4,28
720575940618258742,VM3,20
720575940618266491,DA4l,11
720575940618266491,DL1,26
720575940618266491,VA1d,23
720575940618266491,VA2,20
720575940618266491,VM1,14
720575940618266747,VA5,12
720575940618266747,VA6,23
720575940618266747,VA7m,20
720575940618266747,VM3,19
720575940618266900,DC1,20
720575940618266900,VM1,22
720575940618266900,VP1d,7
720575940618292939,DA4l,13
720575940618292939,DL1,23
720575940618292939,DM6,18
720575940618292939,VM5d,13
720575940618292939,VM7d,19
720575940618306112,DL5,9
720575940618306112,VA5,6
720575940618326292,DL2d,19
720575940618326292,VC3,10
720575940618334145,DC2,24
720575940618334145,DL5,16
720575940618334145,VC2,31
720575940618337300,DC1,14
720575940618337300,DL1,16
720575940618337300,VC3,17
720575940618337985,DL1,22
720575940618337985,VA4,5
720575940618337985,VC4,7
720575940618339777,DL2d,22
720575940618339777,V,16
720575940618339777,VA6,23
720575940618339777,VL2p,19
720575940618339777,VP1d,5
720575940618359745,DA1,16
720575940618359745,DM1,24
720575940618359745,DM2,16
720575940618359745,DM5,27
720575940618359745,VA1d,19
720575940618359745,VA4,30
720575940618371777,DA2,17
720575940618371777,DP1l,37
720575940618371777,VC5,14
720575940618371777,VL2p,14
720575940618394453,DL1,8
720575940618394453,VL2p,7
720575940618396399,DM1,30
720575940618396399,DM4,19
720575940618396399,VM3,26
720575940618396399,VM5d,23
720575940618422592,DL2v,25
720575940618422592,DP1m,13
720575940618422592,VA4,8
720575940618422592,VC3,8
720575940618422592,VL2a,11
720575940618422592,VM2,28
720575940618422592,VM4,18
720575940618436672,DL2d,23
720575940618436672,DL2v,27
720575940618436672,VA4,22
720575940618436672,VA5,32
720575940618470383,DL2d,13
720575940618470383,DM6,7
720575940618470383,DP1m,9
720575940618497216,DM6,16
720575940618497216,VA2,20
720575940618497216,VA7l,14
720575940618497216,VM5d,19
720575940618497216,VM5v,24
720575940618506155,DA1,19
720575940618506155,DM6,23
720575940618506155,DP1m,17
720575940618506155,V,8
720575940618517440,DC1,24
720575940618517440,DP1l,23
720575940618517440,VC2,10
720575940618517440,VP1d,11
720575940618526912,DL2d,17
720575940618526912,DM1,17
720575940618526912,DM2,7
720575940618526912,DM4,7
720575940618526912,DM5,10
720575940618526912,V,9
720575940618526912,VM5d,18
720575940618544367,DC3,13
720575940618544367,DM2,6
720575940618544367,DM5,23
720575940618544367,VA1d,13
720575940618544367,VM7d,12
720575940618544623,DM1,13
720575940618544623,DM2,14
720575940618544623,DP1m,10
720575940618544623,VA4,13
720575940618544623,VA7m,24
720575940618544623,VC4,8
720575940618545903,D,25
720575940618545903,VA1d,18
720575940618545903,VC3,13
720575940618545903,VM5d,9
720575940618545903,VM7d,18
720575940618547280,DA4l,6
720575940618547280,DC2,8
720575940618547280,DL5,13
720575940618547280,DM6,8
720575940618547280,VM7d,10
720575940618548975,DA1,11
720575940618548975,DC4,21
720575940618548975,DP1l,30
720575940618548975,VA4,14
720575940618548975,VM3,16
720575940618572422,DP1l,7
720575940618572422,VC1,5
720575940618586459,DM1,13
720575940618586459,DM2,18
720575940618586459,DM4,32
720575940618586459,VM2,10
720575940618592390,VA2,8
720575940618627207,DL2v,26
720575940618627207,DM6,21
720575940618627207,VA7l,18
720575940618627207,VC5,9
720575940618627207,VL2a,18
720575940618627207,VM1,25
720575940618657950,DA2,12
720575940618657950,DA4l,26
720575940618657950,DC3,15
720575940618657950,DM4,27
720575940618657950,V,9
720575940618657950,VC4,11
720575940618657950,VM4,17
720575940618667143,DC1,26
720575940618667143,DL1,21
720575940618667143,DL2v,37
720575940618667143,VC2,22
720575940618671495,DP1l,14
720575940618671495,V,13
720575940618671495,VC1,8
720575940618691742,VM1,26
720575940618739621,DA1,8
720575940618746747,DL1,18
720575940618746747,VM7d,42
720575940618758178,DL2d,15
720575940618758178,DL2v,11
720575940618758178,DM4,11
720575940618758178,DP1m,10
720575940618758178,VM3,6
720575940618765528,DC1,18
720575940618765528,VA7l,10
720575940618765528,VM2,7
720575940618765528,VM3,19
720575940618765528,VM5v,14
720575940618779118,DA2,5
720575940618779118,DC4,15
720575940618779118,DL5,11
720575940618779118,DM5,23
720575940618779118,VM7d,11
720575940618841910,DC1,17
720575940618841910,VM1,28
720575940618841910,VM4,5
720575940618844353,DL2d,9
720575940618844353,DP1m,11
720575940618846001,VA1v,17
720575940618846001,VC3,19
720575940618846001,VM5d,26
720575940618849841,D,25
720575940618849841,DA1,12
720575940618849841,VA1d,19
720575940618849841,VC3,9
720575940618849841,VL2p,13
720575940618873723,DM1,15
720575940618873723,DM6,6
720575940618873723,VM3,5
720575940618876062,DL2d,21
720575940618876062,DM1,15
720575940618876062,DM2,33
720575940618876062,VA2,18
720575940618894246,DM2,52
720575940618894246,DM3,21
720575940618894246,VA4,20
720575940618894246,VM2,19
720575940618905766,DC4,12
720575940618905766,DL5,9
720575940618905766,DP1l,10
720575940618905766,VA7l,13
720575940618980299,DC3,39
720575940618980299,DL3,11
720575940618980299,VL2p,6
720575940618980299,VM7v,16
720575940618989421,DM1,15
720575940618989421,DM5,6
720575940618989421,DP1m,16
720575940618989421,VC2,19
720575940618992449,V,25
720575940618992749,DL2v,21
720575940618992749,DM1,18
720575940618992749,DM2,11
720575940618992749,DM4,27
720575940618992749,DP1m,13
720575940618994880,DP1l,22
720575940618994880,VC2,10
720575940618994880,VM3,16
720575940618994880,VM7d,29
720575940618997297,DC3,20
720575940618997297,DP1m,21
720575940618997297,VA4,11
720575940618997297,VL2a,25
720575940618997297,VM4,12
720575940619026241,VL2a,7
720575940619028289,DM3,22
720575940619028289,VC5,25
720575940619028289,VL2p,23
720575940619036911,D,11
720575940619036911,DC1,14
720575940619036911,DM6,9
720575940619036911,VA1v,13
720575940619038061,DL1,20
720575940619038061,DP1l,28
720575940619038061,VA3,18
720575940619038061,VM5d,30
720575940619041133,DM1,22
720575940619041133,DM5,16
720575940619041133,VA4,22
720575940619041133,VM5d,27
720575940619054027,DC1,14
720575940619054027,DC3,22
720575940619054027,VA1v,13
720575940619054027,VC5,13
720575940619054027,VM5v,18
720575940619055969,DC1,32
720575940619055969,DM4,25
720575940619055969,DP1m,23
720575940619055969,VA2,33
720575940619055969,VA4,14
720575940619060321,DM1,16
720575940619060321,DM2,15
720575940619060321,VA4,15
720575940619060321,VC3,10
720575940619078592,DL2v,30
720575940619078592,DM5,12
720575940619078592,VA2,15
720575940619078592,VM3,36
720575940619090529,DC1,22
720575940619090529,DL2d,28
720575940619090529,DM1,17
720575940619090529,DM5,10
720575940619090529,DM6,17
720575940619090529,VL2p,11
720575940619090785,DL3,11
720575940619090785,DM1,18
720575940619090785,DM6,34
720575940619090785,DP1m,27
720575940619090785,VA5,12
720575940619090785,VC5,24
720575940619115845,VA6,27
720575940619147349,DL2d,11
720575940619147349,DM1,30
720575940619147349,DM3,19
720575940619147349,VA3,19
720575940619147349,VA4,10
720575940619147349,VC3,14
720575940619154891,DL5,25
720575940619154891,VA3,20
720575940619154891,VA4,12
720575940619154891,VC5,6
720575940619154891,VM3,19
720575940619155029,DM1,19
720575940619155029,DM6,19
720575940619155029,VA2,15
720575940619155029,VA3,20
720575940619155029,VM5d,20
720575940619156565,DA4l,11
720575940619156565,DC1,20
720575940619156565,DL2d,35
720575940619156565,DL2v,21
720575940619156565,VM5d,25
720575940619254448,DM1,8
720575940619254448,DM4,11
720575940619254448,V,6
720575940619259477,D,20
720575940619259477,DL2d,10
720575940619259477,VA1d,14
720575940619259477,VL1,11
720575940619259477,VL2p,16
720575940619259477,VM5v,19
720575940619271384,VA1d,10
720575940619305808,DL1,16
720575940619305808,DM1,33
720575940619305808,VC5,7
720575940619305808,VM7v,14
720575940619336942,DM3,12
720575940619336942,DM4,10
720575940619336942,VC2,17
720575940619358257,DA1,23
720575940619358257,DP1l,26
720575940619358257,VA3,27
720575940619358257,VA4,20
720575940619358257,VM5v,7
720575940619369198,DP1l,23
720575940619369198,VA3,41
720575940619375701,DP1m,21
720575940619375701,VA1d,37
720575940619375701,VA7l,18
720575940619375701,VA7m,19
720575940619375701,VL2a,32
720575940619382875,DA3,11
720575940619382875,DL5,18
720575940619382875,VA7m,17
720575940619382875,VM5d,13
720575940619404214,DC1,14
720575940619404214,DM1,9
720575940619404214,DM3,12
720575940619404214,DM6,21
720575940619404214,VA2,22
720575940619404982,DL2v,40
720575940619404982,DM4,24
720575940619404982,VC5,21
720575940619412596,DA1,21
720575940619412596,DC3,11
720575940619412596,VA1d,22
720575940619412596,VA2,13
720575940619412596,VA5,21
720575940619412596,VL2a,17
720575940619412596,VM5d,16
720575940619414132,DM1,13
720575940619414132,DM6,18
720575940619414132,DP1l,26
720575940619414132,VA6,17
720575940619414132,VC4,20
720575940619414132,VM3,23
720575940619430326,DL3,15
720575940619430326,DM1,49
720575940619430326,DM5,25
720575940619430326,DM6,6
720575940619430326,VA7m,22
720575940619434887,DA1,22
720575940619434887,DM5,13
720575940619434887,VA4,11
720575940619434887,VL2a,15
720575940619435399,DM3,34
720575940619435399,DP1l,24
720575940619435399,VC3,7
720575940619435399,VM4,12
720575940619444139,DC2,5
720575940619444139,DP1m,20
720575940619444139,VA1v,19
720575940619444139,VM7d,8
720575940619444139,VM7v,11
720575940619487414,DA2,13
720575940619487414,DA3,10
720575940619487414,DL2d,16
720575940619487414,DL2v,25
720575940619487414,DP1l,6
720575940619487414,VA7l,9
720575940619495664,DC1,10
720575940619495664,DP1m,26
720575940619495664,VM4,14
720575940619509744,DM4,10
720575940619509744,VA2,12
720575940619509744,VA3,15
720575940619509744,VA4,14
720575940619509744,VL2p,9
720575940619516144,DP1l,9
720575940619516144,DP1m,10
720575940619516144,VC4,9
720575940619516144,VM7d,19
720575940619519909,DA4l,11
720575940619519909,DL5,20
720575940619519909,VA1d,25
720575940619519909,VC1,17
720575940619519909,VM4,16
720575940619519909,VP1d,7
720575940619535563,DA1,9
720575940619535563,DL2d,9
720575940619556437,VL2a,16
720575940619556437,VL2p,15
720575940619587009,DC1,14
720575940619587009,DL2d,11
720575940619587009,DP1m,14
720575940619587009,VA7m,13
720575940619587009,VC2,16
720575940619597761,DA1,13
720575940619597761,DL1,8
720575940619597761,VA1d,17
720575940619597761,VC3,18
720575940619630207,DC3,5
720575940619630207,DM1,22
720575940619630207,VA2,34
720575940619630207,VC4,40
720575940619630207,VM2,7
720575940619630207,VM4,12
720575940619651019,DA1,10
720575940619651019,VA3,10
720575940619651019,VC1,18
720575940619652555,DL5,23
720575940619652555,DM1,24
720575940619652555,DM4,16
720575940619652555,VC5,24
720575940619658433,DC3,12
720575940619658433,VC3,10
720575940619658433,VL2a,14
720575940619658433,VM3,21
720575940619658433,VM5v,11
720575940619665023,DM2,11
720575940619665023,DP1m,15
720575940619665023,VC2,19
720575940619665023,VM1,5
720575940619665023,VM3,5
720575940619665023,VM7d,11
720575940619668053,D,13
720575940619668053,DA1,23
720575940619668053,DM6,8
720575940619668053,DP1m,16
720575940619668053,VA6,19
720575940619668053,VM2,17
720575940619668212,DL3,22
720575940619668212,VA2,30
720575940619668212,VL2a,28
720575940619672656,DC3,14
720575940619672656,DL2d,17
720575940619672656,DM3,15
720575940619672656,VA7l,16
720575940619672656,VM5d,16
720575940619673936,VA2,16
720575940619673936,VM4,19
720575940619682625,DM1,7
720575940619682625,V,8
720575940619682625,VA2,5
720575940619693003,DM2,29
720575940619693003,VA2,27
720575940619693003,VA7m,5
720575940619695553,DA1,17
720575940619695553,DM3,14
720575940619695553,DM5,18
720575940619695553,DP1m,11
720575940619695553,VA6,21
720575940619695553,VC2,15
720575940619695809,DL1,13
720575940619695809,DL2d,12
720575940619695809,VA7m,15
720575940619701631,DM2,18
720575940619701631,DM6,25
720575940619701631,VA4,9
720575940619701631,VC5,14
720575940619705983,D,17
720575940619705983,DA1,15
720575940619705983,DL2v,10
720575940619705983,VA2,13
720575940619705983,VA3,9
720575940619713200,DM2,15
720575940619713200,DM4,24
720575940619713200,DP1m,22
720575940619713200,V,14
720575940619713200,VA3,14
720575940619713200,VC5,14
720575940619723088,DC3,10
720575940619723088,DL5,10
720575940619723088,VM5v,8
720575940619723088,VP1d,13
720575940619731392,DM1,26
720575940619731392,DM2,21
720575940619731392,DM4,21
720575940619731392,VM3,12
720575940619731392,VM7v,17
720575940619742656,DM1,32
720575940619742656,DM4,23
720575940619742656,DM6,17
720575940619742656,DP1m,30
720575940619742656,VA4,10
720575940619744960,DA4l,8
720575940619744960,DC3,18
720575940619744960,VC3,11
720575940619744960,VM5d,22
720575940619778645,DM1,16
720575940619778645,DM2,8
720575940619778645,DM6,15
720575940619778645,VC2,19
720575940619781620,D,11
720575940619781620,DA4m,6
720575940619781620,DL3,9
720575940619781620,DM6,5
720575940619781620,VA1d,13
720575940619781620,VC3,23
720575940619794512,DA1,15
720575940619794512,DL1,26
720575940619794512,VL2a,15
720575940619794512,VL2p,6
720575940619795883,VM7d,16
720575940619795883,VM7v,30
720575940619802539,D,9
720575940619802539,DA1,13
720575940619802539,DL2d,18
720575940619802539,DM6,44
720575940619802539,VM5d,9
720575940619808756,VM5d,21
720575940619808756,VM7d,27
720575940619828359,DM4,21
720575940619828359,DP1m,15
720575940619828359,VA1d,27
720575940619828359,VC3,23
720575940619834965,DA4l,10
720575940619834965,DC1,25
720575940619834965,DL1,12
720575940619834965,VA1v,24
720575940619834965,VA6,8
720575940619834965,VC5,11
720575940619834965,VM4,16
720575940619842580,DL2v,15
720575940619842580,DM6,8
720575940619842580,VA2,10
720575940619842580,VA4,5
720575940619863174,DM1,20
720575940619863174,DM2,33
720575940619863174,VA3,32
720575940619863174,VA4,8
720575940619863174,VA7l,22
720575940619864912,DA4m,10
720575940619864912,VA7m,10
720575940619872372,DL2d,23
720575940619872372,VA7m,26
720575940619872372,VC1,27
720575940619876702,DL1,5
720575940619876702,DL2v,14
720575940619876702,DP1l,9
720575940619876702,VM5d,10
720575940619895329,DA1,13
720575940619895329,DL2d,26
720575940619895329,DL2v,14
720575940619895329,DP1l,17
720575940619895329,VM1,16
720575940619896581,DC2,8
720575940619896581,DM4,6
720575940619896581,DP1m,15
720575940619938998,DC1,13
720575940619938998,DM3,7
720575940619938998,DP1l,21
720575940619938998,VM5d,29
720575940619954091,V,17
720575940619954091,VA6,17
720575940619954091,VC3,8
720575940619954091,VM2,21
720575940619960926,VL2a,16
720575940619967879,DL2d,24
720575940619967879,VA7l,36
720575940619970586,DL2v,25
720575940619970586,DM3,18
720575940619970586,DP1l,25
720575940619970586,VA2,19
720575940619974689,D,16
720575940619974689,DM2,8
720575940619974689,VA3,15
720575940619974689,VA7l,7
720575940619977566,DM3,30
720575940619977566,VA2,39
720575940619977566,VA7m,15
720575940619977566,VL2a,34
720575940619978266,DC1,18
720575940619978266,DC2,33
720575940619978266,VA1v,23
720575940619978266,VA4,14
720575940619978266,VL2p,13
720575940619994759,DC3,19
720575940619994759,DM3,7
720575940619994759,DM6,30
720575940619994759,DP1l,8
720575940619994759,VA1v,11
720575940619994759,VL2a,18
720575940619994759,VM5d,8
720575940619994759,VM7v,8
720575940620007457,D,39
720575940620007457,DP1m,22
720575940620007457,VA2,23
720575940620007457,VM5d,21
720575940620012321,D,18
720575940620012321,DC2,13
720575940620012321,DM3,8
720575940620012321,VA3,13
720575940620012321,VA7m,11
720575940620020257,DA1,7
720575940620020257,DC4,18
720575940620020257,VM5v,8
720575940620020769,VA1d,9
720575940620020769,VM5d,11
720575940620020769,VM7v,5
720575940620036385,DA4l,19
720575940620036385,DM2,13
720575940620036385,DP1m,5
720575940620036385,VC3,10
720575940620036385,VL2p,10
720575940620039589,DM2,7
720575940620039589,VA1d,22
720575940620039589,VA2,8
720575940620039589,VA6,9
720575940620039956,DP1l,7
720575940620041125,VL2a,7
720575940620041125,VM7d,22
720575940620042375,DL1,11
720575940620042375,DP1m,8
720575940620042375,VA3,13
720575940620042375,VC4,7
720575940620042375,VL2a,15
720575940620042375,VM7v,14
720575940620051580,D,12
720575940620051580,VL2p,7
720575940620051580,VM7v,19
720575940620055790,DA1,26
720575940620055790,DA2,11
720575940620055790,DM4,21
720575940620055790,VA7m,7
720575940620055790,VC2,22
720575940620058236,DA1,10
720575940620058236,DC1,14
720575940620058236,DC3,11
720575940620058236,DL1,13
720575940620058236,DM2,14
720575940620058236,VA6,13
720575940620058236,VC5,8
720575940620059045,DA1,13
720575940620059045,DC1,16
720575940620059045,DM1,30
720575940620059045,VA1d,17
720575940620059045,VC1,20
720575940620073606,DA2,6
720575940620073606,DA4l,6
720575940620073606,DC4,10
720575940620073606,DL1,10
720575940620073606,DL2d,12
720575940620073606,DM6,18
720575940620073606,VM5d,5
720575940620073606,VM7v,16
720575940620079856,DL2v,28
720575940620079856,VC2,24
720575940620079856,VM5d,9
720575940620079856,VM5v,14
720575940620079856,VM7v,18
720575940620109191,DA3,14
720575940620109191,DL5,15
720575940620109191,DM2,5
720575940620109191,DM6,25
720575940620109191,VA3,18
720575940620109191,VC2,18
720575940620109191,VC5,21
720575940620124028,DL2v,12
720575940620124028,DL3,6
720575940620124028,DL5,8
720575940620124028,VA1d,16
720575940620124028,VA6,18
720575940620143525,DP1l,7
720575940620143525,VM5d,10
720575940620153876,D,24
720575940620153876,DA4m,14
720575940620153876,VA4,31
720575940620153876,VA6,25
720575940620172397,DL1,17
720575940620172397,DL3,15
720575940620172397,VM2,21
720575940620172397,VP1d,20
720575940620176237,DL1,20
720575940620176237,DL5,18
720575940620176237,VA1v,31
720575940620176237,VA7l,13
720575940620179821,DL2v,25
720575940620179821,DM4,21
720575940620179821,VA7l,27
720575940620187305,DM4,20
720575940620187305,V,28
720575940620187305,VA2,16
720575940620187305,VA4,13
720575940620210857,DP1l,9
720575940620210857,VA5,19
720575940620210857,VL2p,16
720575940620210857,VM7v,19
720575940620211622,DM3,19
720575940620211622,VA2,24
720575940620211622,VA3,36
720575940620211622,VC5,19
720575940620211622,VL2a,11
720575940620223398,VA5,24
720575940620223398,VL2p,12
720575940620230497,DL2v,9
720575940620230497,DM3,6
720575940620230497,DM6,7
720575940620230497,VA2,10
720575940620232363,DA1,17
720575940620232363,DA4l,5
720575940620232363,VA1d,13
720575940620232363,VA6,8
720575940620232363,VM5v,20
720575940620235968,D,10
720575940620235968,DC3,18
720575940620235968,VA1d,18
720575940620235968,VA4,8
720575940620235968,VA7m,11
720575940620235968,VC1,22
720575940620272064,DL1,14
720575940620272064,DL5,18
720575940620272064,VC3,19
720575940620272832,DM4,19
720575940620272832,VA2,21
720575940620272832,VA6,14
720575940620272832,VP1d,5
720575940620273023,VA7m,7
720575940620273023,VC1,12
720575940620273023,VC5,11
720575940620273023,VM2,17
720575940620273023,VM5d,12
720575940620273023,VM5v,22
720575940620274497,DA1,19
720575940620274497,DL2d,12
720575940620274497,DM1,5
720575940620274497,VA4,24
720575940620274497,VM2,13
720575940620274497,VM5d,6
720575940620276801,DC1,21
720575940620276801,DL5,15
720575940620276801,DM2,12
720575940620276801,DP1m,14
720575940620276801,VL2p,6
720575940620282758,DA4l,11
720575940620282758,DC2,28
720575940620282758,DP1l,22
720575940620282758,VA5,26
720575940620303040,DM4,18
720575940620303040,VA2,30
720575940620303040,VA3,24
720575940620303040,VC3,15
720575940620303040,VM5d,19
720575940620310625,DL1,25
720575940620310625,DP1m,24
720575940620310625,VA3,29
720575940620310625,VL2a,18
720575940620310625,VM5v,17
720575940620344837,DM4,8
720575940620344837,DM5,27
720575940620344837,DP1l,15
720575940620344837,VA7m,22
720575940620344837,VM7d,27
720575940620351838,DC1,11
720575940620351838,DL1,13
720575940620351838,VC2,9
720575940620351838,VM1,13
720575940620354241,DM5,8
720575940620354241,VA2,8
720575940620354241,VA3,10
720575940620354241,VA4,16
720575940620354241,VA7m,24
720575940620354849,DM5,22
720575940620354849,DM6,23
720575940620354849,VA3,15
720575940620354849,VC1,19
720575940620354849,VM2,12
720575940620354849,VM7v,22
720575940620355009,DA1,9
720575940620355009,DC3,6
720575940620356800,D,16
720575940620356800,DC4,30
720575940620356800,DL5,19
720575940620356800,VA2,32
720575940620356800,VL2p,17
720575940620363691,D,30
720575940620363691,DC2,17
720575940620363691,VA1v,20
720575940620363691,VC3,11
720575940620393643,DM1,27
720575940620393643,DM2,28
720575940620393643,VA7m,11
720575940620393643,VC2,16
720575940620393643,VC4,8
720575940620393643,VM7d,35
720575940620403649,DL2d,24
720575940620403649,DM2,5
720575940620403649,DP1m,8
720575940620403649,VC2,19
720575940620403649,VC3,11
720575940620407628,DL2d,19
720575940620407628,DL2v,24
720575940620407628,DL5,18
720575940620407628,VM5d,21
720575940620410606,VM4,7
720575940620411841,DA1,27
720575940620411841,DL1,21
720575940620411841,VC2,10
720575940620411841,VL2a,8
720575940620413355,DA4m,15
720575940620413355,DC1,15
720575940620413355,DP1m,11
720575940620413355,VA6,19
720575940620413355,VM4,5
720575940620418774,DM6,11
720575940620418774,VM7d,6
720575940620422494,DP1l,17
720575940620422494,VA7m,14
720575940620424641,D,9
720575940620424641,DC3,12
720575940620424641,DL4,10
720575940620424641,DP1m,21
720575940620424641,VC4,12
720575940620424641,VL2p,11
720575940620425310,DM1,21
720575940620425310,VA7l,11
720575940620425310,VM5d,12
720575940620425310,VM7v,13
720575940620434671,DM1,14
720575940620434671,DM3,14
720575940620434671,DM6,23
720575940620434671,DP1m,16
720575940620434671,VM5d,18
720575940620442817,DM2,10
720575940620442817,DM5,12
720575940620442817,VA1v,12
720575940620442817,VA2,15
720575940620442817,VA6,22
720575940620442817,VM3,10
720575940620451916,DC1,13
720575940620451916,DM2,5
720575940620451916,V,13
720575940620451916,VA3,8
720575940620457904,DC1,11
720575940620457904,VA5,14
720575940620457904,VA7m,19
720575940620457904,VC3,12
720575940620457904,VC5,8
720575940620457904,VM1,19
720575940620460108,DM6,18
720575940620460108,DP1m,25
720575940620460108,VL2p,8
720575940620460108,VM3,17
720575940620464204,DM3,11
720575940620464204,DM4,21
720575940620464204,VA7l,16
720575940620464204,VM4,19
720575940620464204,VM7v,15
720575940620465996,DL1,20
720575940620465996,VA1d,11
720575940620465996,VC3,20
720575940620465996,VC5,5
720575940620469742,DC3,11
720575940620469742,DP1l,16
720575940620469742,VA6,19
720575940620474582,DA1,16
720575940620474582,VA2,20
720575940620474582,VL2p,16
720575940620474582,VM5d,28
720575940620495830,DM1,6
720575940620500417,D,10
720575940620500417,DC3,12
720575940620500417,DL4,6
720575940620500417,DL5,16
720575940620500417,VA3,19
720575940620507862,DC1,13
720575940620507862,DC3,10
720575940620507862,DL1,18
720575940620507862,VA6,7
720575940620507862,VM5d,20
720575940620520513,DM1,26
720575940620520513,DP1l,6
720575940620521754,VA1d,16
720575940620537071,D,11
720575940620537071,DM1,20
720575940620537071,VC3,17
720575940620537071,VM7d,22
720575940620537071,VM7v,13
720575940620551901,VA3,23
720575940620551901,VA5,10
720575940620572125,DL2v,22
720575940620572125,DM1,13
720575940620572125,DM4,5
720575940620572125,DM5,10
720575940620572125,VA2,10
720575940620572125,VM7d,25
720575940620577652,VL2a,14
720575940620577652,VL2p,10
720575940620578269,DL1,5
720575940620578269,DM1,20
720575940620578269,DM6,8
720575940620578269,DP1l,14
720575940620578269,VA2,8
720575940620578269,VA7l,13
720575940620578269,VM5v,14
720575940620588653,DC2,31
720575940620588653,DP1m,10
720575940620588653,VC2,21
720575940620588653,VM7v,16
720575940620600700,DA1,13
720575940620600700,DC1,13
720575940620600700,DL1,8
720575940620600700,DL2v,20
720575940620600700,VA4,13
720575940620600700,VM4,22
720575940620603245,DC1,15
720575940620603245,DM3,17
720575940620603245,DP1m,22
720575940620603245,VA2,13
720575940620607982,DL1,37
720575940620607982,DL2d,21
720575940620607982,DL5,6
720575940620607982,VC1,24
720575940620607982,VL2p,11
720575940620608238,DL1,19
720575940620608238,VA1d,7
720575940620608238,VA6,22
720575940620608238,VL2a,15
720575940620608238,VM2,18
720575940620608238,VM7d,12
720575940620649084,DL2d,5
720575940620649084,DP1m,19
720575940620649084,VL2a,11
720575940620649084,VM5v,12
720575940620655169,DA4l,13
720575940620655169,DC1,22
720575940620655169,DL2d,25
720575940620655169,VA7m,20
720575940620682662,DL1,25
720575940620682662,DM4,29
720575940620682662,VM5d,19
720575940620682934,DC1,13
720575940620682934,DM4,13
720575940620682934,VA3,13
720575940620682934,VA6,7
720575940620682934,VM3,17
720575940620684156,DC1,10
720575940620684156,DM6,9
720575940620684156,VA3,16
720575940620684156,VC2,7
720575940620685436,DC1,5
720575940620685436,DM3,7
720575940620685436,DM4,15
720575940620685436,DM5,6
720575940620685436,V,14
720575940620686761,D,21
720575940620686761,DL1,24
720575940620686761,DM1,21
720575940620686761,DM4,10
720575940620686761,VM7v,19
720575940620713129,DA1,7
720575940620713129,DA4l,16
720575940620713129,VA2,31
720575940620713129,VL2p,12
720575940620741485,DC2,9
720575940620741485,DM3,5
720575940620741485,VA5,8
720575940620741485,VA7l,7
720575940620741485,VM3,8
720575940620746093,VA1d,16
720575940620746093,VA1v,11
720575940620746093,VA6,5
720575940620746093,VM5d,14
720575940620746093,VM5v,13
720575940620754529,DC3,10
720575940620754529,DP1m,18
720575940620754529,VA7m,12
720575940620754529,VC2,6
720575940620754529,VC4,19
720575940620811073,DM3,25
720575940620811073,DM6,24
720575940620811073,VL1,5
720575940620811073,VM5d,25
720575940620811073,VM5v,24
720575940620813478,DA1,14
720575940620813478,DL1,5
720575940620813478,VA1d,13
720575940620813478,VM4,11
720575940620816961,DL2v,16
720575940620816961,VA6,8
720575940620816961,VC2,10
720575940620816961,VL2p,13
720575940620822593,DL1,12
720575940620827713,DC2,25
720575940620827713,VA1v,12
720575940620827713,VA7m,18
720575940620827713,VL2a,5
720575940620828912,DL5,25
720575940620828912,DM6,22
720575940620828912,VA1v,13
720575940620828912,VA3,18
720575940620828912,VA6,8
720575940620828912,VM5v,19
720575940620831949,DM2,38
720575940620831949,DM4,48
720575940620831949,VA2,11
720575940620831949,VM3,25
720575940620862273,DA1,13
720575940620862273,DC1,9
720575940620862273,VA2,5
720575940620862273,VC1,12
720575940620862273,VM5d,14
720575940620880333,DM4,12
720575940620880333,VA1v,9
720575940620880333,VC3,8
720575940620880333,VC4,10
720575940620880333,VL2a,10
720575940620880333,VM5v,13
720575940620883917,D,6
720575940620883917,DC1,10
720575940620883917,DC2,9
720575940620883917,DP1m,6
720575940620892877,DA1,14
720575940620892877,DL1,37
720575940620892877,VA2,18
720575940620892877,VM7v,21
720575940620904780,DM1,19
720575940620904780,DM2,16
720575940620904780,DM3,15
720575940620904780,DM4,7
720575940620904780,VA1v,18
720575940620904780,VM5d,11
720575940620923980,DM1,21
720575940620923980,VM7d,5
720575940620931750,DM4,36
720575940620931750,VA2,28
720575940620931750,VA4,12
720575940620931750,VC3,25
720575940620931750,VM5v,11
720575940620932684,DM1,8
720575940620932684,DP1l,6
720575940620932684,VM7d,7
720575940620936870,VA2,25
720575940620936870,VA6,19
720575940620936870,VC3,5
720575940620955149,DM1,38
720575940620955149,DM2,33
720575940620955149,DM4,22
720575940620955149,DM6,22
720575940620955149,VM7v,22
720575940620956173,DM4,15
720575940620956173,DM6,16
720575940620956173,DP1l,27
720575940620956173,VM7d,28
720575940620959256,DP1l,15
720575940620959256,VA4,7
720575940620973848,DM5,7
720575940620973848,DP1m,16
720575940620973848,VA3,18
720575940620973848,VC2,19
720575940620973848,VC4,15
720575940620973848,VL2a,6
720575940620998424,DA1,10
720575940620998424,DC3,13
720575940620998424,DL1,11
720575940620998424,DP1m,12
720575940620998424,VA3,8
720575940621005044,DM6,14
720575940621005044,VA6,9
720575940621005044,VC3,20
720575940621005044,VM1,23
720575940621010804,DC2,9
720575940621010804,DL5,23
720575940621010804,DM3,11
720575940621010804,VA1d,15
720575940621010804,VA6,12
720575940621017840,VA2,9
720575940621017840,VC1,20
720575940621017840,VC4,15
720575940621017840,VC5,21
720575940621017840,VM5v,20
720575940621017921,DC1,20
720575940621017921,DM1,32
720575940621017921,VC1,11
720575940621017921,VM5d,14
720575940621019457,D,34
720575940621019457,DM6,34
720575940621019457,VA1v,19
720575940621019457,VA7m,9
720575940621019457,VC3,16
720575940621023041,DL2d,15
720575940621023041,DL5,17
720575940621023041,VA1d,8
720575940621023041,VL1,7
720575940621023041,VM1,26
720575940621023297,DC3,8
720575940621023297,DL5,15
720575940621023297,VA1d,14
720575940621023297,VC2,16
720575940621023297,VM1,17
720575940621023809,VM5d,5
720575940621044701,DC1,23
720575940621044701,DM1,39
720575940621044701,DM3,20
720575940621044701,V,20
720575940621044701,VA5,13
720575940621044701,VC2,5
720575940621056577,DL2d,26
720575940621056577,DM2,12
720575940621056577,DM3,13
720575940621056577,DM6,15
720575940621056577,DP1m,13
720575940621056577,VA5,21
720575940621071203,D,25
720575940621071203,DA2,7
720575940621071203,DC2,16
720575940621071203,DL3,13
720575940621071203,VA1v,15
720575940621071203,VC1,6
720575940621071203,VL2p,16
720575940621071203,VM5v,14
720575940621073117,VA7m,11
720575940621086134,DM2,8
720575940621086134,DP1l,23
720575940621086134,DP1m,18
720575940621086134,V,11
720575940621087408,DM4,7
720575940621087408,VC1,9
720575940621087408,VC5,17
720575940621087408,VM3,21
720575940621090659,D,10
720575940621090659,DM1,51
720575940621090659,DM6,31
720575940621094527,DC2,11
720575940621094527,DM3,6
720575940621094527,VM5v,12
720575940621121140,DM1,14
720575940621121140,DM4,7
720575940621121140,DP1l,13
720575940621121206,DL1,27
720575940621121206,DM3,17
720575940621121206,VA1d,18
720575940621121206,VA2,11
720575940621121206,VA6,21
720575940621129181,DA1,5
720575940621146294,VA7m,9
720575940621162416,DA4l,12
720575940621162416,DC1,14
720575940621162416,DC3,21
720575940621162416,DM2,17
720575940621162416,VL1,18
720575940621163636,DC2,14
720575940621163636,VC1,19
720575940621163636,VM3,21
720575940621163636,VM5d,6
720575940621174192,D,18
720575940621174192,DM2,15
720575940621174192,DM4,13
720575940621174192,DM6,9
720575940621174192,VA1v,11
720575940621174192,VA6,15
720575940621174192,VM5d,25
720575940621174704,DA1,13
720575940621174704,DC1,12
720575940621174704,DL1,19
720575940621174704,DM5,8
720575940621174704,VA3,8
720575940621174704,VM3,6
720575940621175472,DM1,19
720575940621175472,DM6,14
720575940621175472,VC3,9
720575940621176670,DA1,24
720575940621176670,DP1m,20
720575940621176670,V,8
720575940621176670,VM1,20
720575940621178206,DM2,24
720575940621178206,DM4,5
720575940621178206,VM7d,48
720575940621189637,DL2v,18
720575940621189637,DM1,16
720575940621189637,DM4,8
720575940621189637,DM6,12
720575940621189637,VC2,16
720575940621203376,DC1,9
720575940621203376,DM4,29
720575940621203376,DP1m,50
720575940621207216,DA1,14
720575940621207216,DC4,13
720575940621207216,VA3,27
720575940621207216,VM4,11
720575940621207216,VP1d,7
720575940621225910,DC2,27
720575940621225910,DM3,7
720575940621225910,VC3,12
720575940621225910,VM5d,21
720575940621228894,D,14
720575940621228894,DM2,15
720575940621228894,DP1m,16
720575940621228894,VA6,13
720575940621228894,VM5d,26
720575940621230430,DC2,52
720575940621230430,VA3,27
720575940621230430,VA6,10
720575940621230430,VC2,28
720575940621250486,DL1,13
720575940621250486,VA1v,15
720575940621250486,VA6,12
720575940621250486,VL2a,11
720575940621288225,DP1l,10
720575940621288225,VA2,8
720575940621288225,VC4,13
720575940621290017,D,27
720575940621290017,DC2,20
720575940621290017,VA6,11
720575940621290017,VM5v,15
720575940621296639,D,6
720575940621296639,DC4,20
720575940621296639,DM2,8
720575940621296639,VA7m,10
720575940621296639,VL1,5
720575940621321001,DL1,13
720575940621321001,DL2v,17
720575940621321001,DP1l,26
720575940621321001,VA6,24
720575940621321001,VM5d,10
720575940621321001,VM5v,15
720575940621321412,DC2,10
720575940621321412,DL2d,18
720575940621321412,DM2,10
720575940621321412,DM4,10
720575940621321412,VL2p,12
720575940621322534,DA1,17
720575940621322534,DC3,27
720575940621322534,DM6,18
720575940621322534,VA5,21
720575940621322534,VA7m,18
720575940621334980,DC1,23
720575940621334980,DP1m,20
720575940621334980,VM5d,12
720575940621334980,VM5v,15
720575940621351876,DC1,6
720575940621351876,DL2v,16
720575940621351876,DM2,19
720575940621351876,DM5,11
720575940621351876,DP1m,18
720575940621351876,VM5d,8
720575940621357147,VA1d,32
720575940621359142,DL2v,31
720575940621359142,DM1,23
720575940621359142,VA2,17
720575940621359142,VC4,20
720575940621376196,DC4,23
720575940621376196,VC3,11
720575940621376196,VM5v,12
720575940621376196,VM7d,5
720575940621382852,DA4m,6
720575940621382852,DM2,15
720575940621382852,DP1l,22
720575940621382852,VA2,8
720575940621382852,VA4,12
720575940621382852,VM7d,25
720575940621389764,DA4l,8
720575940621389764,DM3,12
720575940621389764,VA1v,15
720575940621389764,VA6,20
720575940621389764,VC3,29
720575940621391636,DC1,11
720575940621391636,DL2v,25
720575940621391636,DM2,29
720575940621391636,DM4,15
720575940621391636,V,15
720575940621403844,D,5
720575940621403844,DC3,19
720575940621403844,DM3,8
720575940621403844,VM3,20
720575940621413158,V,8
720575940621413158,VM5v,6
720575940621413670,DA4m,9
720575940621413670,VL2a,6
720575940621413926,DP1m,14
720575940621413926,VC4,5
720575940621413926,VM1,6
720575940621415885,DA4l,17
720575940621415885,DM2,16
720575940621415885,VC3,21
720575940621460645,VA7m,6
720575940621460645,VC1,9
720575940621460645,VC4,13
720575940621462797,DP1m,12
720575940621462797,VA6,14
720575940621471732,D,17
720575940621471732,DL1,16
720575940621471732,DL5,16
720575940621471732,VL2a,8
720575940621475085,DC2,9
720575940621475085,DM1,7
720575940621475085,DM2,6
720575940621475085,DM5,9
720575940621475085,VA1v,12
720575940621477402,DP1m,21
720575940621477402,VA1v,16
720575940621477402,VA7m,16
720575940621477402,VC2,29
720575940621491696,D,9
720575940621491696,VA6,22
720575940621491696,VC2,10
720575940621491696,VC4,14
720575940621491696,VM7d,13
720575940621504269,DC2,14
720575940621504269,DL3,9
720575940621504269,DP1l,29
720575940621504269,VM3,24
720575940621507475,DL2v,20
720575940621507475,DM4,16
720575940621507475,DM6,20
720575940621507475,DP1l,11
720575940621507475,VA2,19
720575940621507475,VA7l,17
720575940621516179,DA3,16
720575940621516179,DM1,18
720575940621516179,VA3,18
720575940621516179,VM5v,10
720575940621518218,DA2,5
720575940621518218,DC1,8
720575940621518218,DL2d,16
720575940621518218,VA1v,9
720575940621518218,VA6,7
720575940621518218,VL2p,5
720575940621518218,VM5d,12
720575940621529215,DA2,8
720575940621529215,DA3,11
720575940621529215,VA7l,10
720575940621529215,VM7v,23
720575940621529980,D,21
720575940621529980,DA4l,5
720575940621529980,DC4,21
720575940621529980,VM1,16
720575940621529980,VM5d,8
720575940621538431,DC1,22
720575940621541514,DA1,19
720575940621541514,DC2,19
720575940621541514,DP1m,7
720575940621541514,VA1v,11
720575940621541514,VL2p,11
720575940621541514,VM7d,18
720575940621552116,DC3,13
720575940621552116,DP1l,24
720575940621552116,VA1d,26
720575940621552116,VA2,12
720575940621552116,VM4,19
720575940621553535,DC2,20
720575940621553535,DP1m,24
720575940621553535,V,11
720575940621553535,VA7m,11
720575940621553535,VM5d,10
720575940621553535,VM5v,18
720575940621553535,VM7d,16
720575940621554815,DL5,7
720575940621554815,VL1,14
720575940621554968,DM1,31
720575940621554968,V,11
720575940621554968,VM7d,28
720575940621560052,DL5,24
720575940621560052,DP1l,12
720575940621560052,VM7d,24
720575940621560052,VM7v,31
720575940621561226,D,7
720575940621561226,DA1,8
720575940621561226,DC3,11
720575940621561226,DM3,8
720575940621561226,DP1m,12
720575940621561226,VA5,23
720575940621567472,DL1,16
720575940621567472,DM1,9
720575940621567472,DM3,11
720575940621567472,VA3,17
720575940621567472,VA4,5
720575940621567472,VM5d,20
720575940621574026,DL1,9
720575940621574026,DM6,21
720575940621574026,VA1v,15
720575940621574026,VA6,28
720575940621574026,VA7m,13
720575940621581802,D,13
720575940621581802,DM2,9
720575940621581802,DP1l,21
720575940621581802,VL2p,12
720575940621581802,VM5v,15
720575940621590250,D,20
720575940621590250,DC3,12
720575940621590250,DL2d,38
720575940621590250,DM1,31
720575940621590250,DM2,17
720575940621590250,DM6,29
720575940621590250,VM3,5
720575940621648008,DC2,31
720575940621648008,DL1,19
720575940621648008,DL2v,12
720575940621648008,V,14
720575940621648008,VA7l,18
720575940621648008,VM2,21
720575940621658502,DC1,13
720575940621658502,DC4,16
720575940621658502,VA6,7
720575940621658502,VC1,18
720575940621658502,VM3,15
720575940621680133,DA1,33
720575940621680133,DM3,8
720575940621680133,DP1m,6
720575940621680133,VA7l,17
720575940621688926,DC4,18
720575940621688926,VA7m,14
720575940621688926,VC2,21
720575940621688926,VC3,12
720575940621688926,VM1,11
720575940621688926,VM5v,16
720575940621700190,DP1l,23
720575940621700190,DP1m,29
720575940621700190,VA2,5
720575940621700190,VA4,16
720575940621700190,VC4,17
720575940621700190,VM5d,12
720575940621709132,DA1,10
720575940621709132,DA3,20
720575940621709132,DM4,21
720575940621709132,VA1d,36
720575940621709132,VA2,23
720575940621730687,DA1,12
720575940621730687,DL5,23
720575940621730687,DM4,11
720575940621730687,DM5,7
720575940621730687,VA1d,15
720575940621730687,VC2,10
720575940621763767,DL2d,30
720575940621763767,VA6,24
720575940621763767,VA7l,23
720575940621763767,VC4,28
720575940621763767,VM5d,21
720575940621786295,DM1,13
720575940621786295,DM2,22
720575940621786295,DM3,19
720575940621786295,VA7l,22
720575940621786807,DA1,13
720575940621786807,V,30
720575940621786807,VA2,17
720575940621786807,VC3,15
720575940621786807,VM3,12
720575940621791356,DA1,20
720575940621791356,V,18
720575940621791356,VL2p,6
720575940621791356,VM1,18
720575940621802751,DM1,26
720575940621802751,DM3,5
720575940621802751,DM4,6
720575940621802751,V,8
720575940621802751,VA2,5
720575940621809246,DM1,14
720575940621809246,DM2,14
720575940621809246,VA6,14
720575940621809246,VC5,16
720575940621809246,VM5v,6
720575940621829813,DA4l,15
720575940621829813,DC3,25
720575940621829813,DM1,39
720575940621829813,VA3,25
720575940621829813,VL2a,25
720575940621832542,DC3,10
720575940621832542,DL2v,14
720575940621832542,DM2,10
720575940621832542,VL2a,11
720575940621837601,D,7
720575940621837601,DA4l,6
720575940621837601,DL2v,11
720575940621837601,DM6,9
720575940621837601,DP1m,5
720575940621837601,VC4,7
720575940621837601,VL2a,14
720575940621837601,VM4,10
720575940621839086,DM1,40
720575940621839086,VA2,8
720575940621845018,DL2d,15
720575940621845018,VA4,17
720575940621845018,VA5,13
720575940621845018,VC2,18
720575940621845018,VM5d,36
720575940621857313,DA2,15
720575940621857313,VA5,10
720575940621857313,VC2,27
720575940621857313,VM5v,11
720575940621863006,V,5
720575940621864965,DL3,26
720575940621864965,DM6,36
720575940621864965,DP1l,31
720575940621864965,VA1d,20
720575940621869918,D,18
720575940621869918,DC2,11
720575940621869918,DL3,9
720575940621869918,VA7m,14
720575940621869918,VM7d,28
720575940621871484,VA1v,5
720575940621872645,DC1,12
720575940621872645,DM1,26
720575940621872645,VM5d,16
720575940621872645,VM5v,24
720575940621873246,DA1,14
720575940621873246,DC2,21
720575940621873246,DC4,23
720575940621873246,VA4,14
720575940621873246,VC4,15
720575940621873246,VL2p,20
720575940621878021,DA1,18
720575940621878021,VA6,8
720575940621878021,VM1,15
720575940621878021,VM5v,6
720575940621882401,DM2,30
720575940621882401,DM4,25
720575940621882401,DP1m,35
720575940621885191,DA1,21
720575940621885191,DC1,19
720575940621885191,DM2,15
720575940621885191,VM3,19
720575940621885191,VM5d,11
720575940621888169,DL2d,18
720575940621888169,DP1l,27
720575940621888169,VC1,18
720575940621888169,VM3,16
720575940621888169,VM5d,17
720575940621888169,VM5v,16
720575940621888169,VM7v,21
720575940621892122,DC1,22
720575940621892122,DL1,24
720575940621892122,DM1,26
720575940621892122,VC4,14
720575940621892122,VM5d,30
720575940621892122,VM7v,21
720575940621892829,D,29
720575940621892829,DC1,16
720575940621892829,DL2v,22
720575940621892829,VC4,14
720575940621892829,VL2a,12
720575940621892829,VM4,15
720575940621892829,VM5v,32
720575940621897249,D,19
720575940621897249,DL5,13
720575940621897249,VC3,12
720575940621906345,DA1,22
720575940621906345,DC3,16
720575940621906345,VA2,10
720575940621906345,VL2p,15
720575940621913897,DC2,19
720575940621913897,DM4,5
720575940621919428,D,21
720575940621920452,DL2d,13
720575940621920452,DM6,13
720575940621920452,VA1d,37
720575940621920452,VA2,10
720575940621920452,VA7m,9
720575940621920452,VC3,9
720575940621920452,VM7d,11
720575940621922398,DC3,22
720575940621922398,DL5,14
720575940621922398,DP1l,13
720575940621922398,DP1m,10
720575940621922398,VA2,6
720575940621922398,VC3,24
720575940621924103,DC2,19
720575940621924103,VM4,9
720575940621924103,VM5d,28
720575940621924615,DL2d,9
720575940621924615,DM1,11
720575940621924615,DM3,23
720575940621924615,DM6,8
720575940621924615,VC1,15
720575940621924615,VC3,17
720575940621924615,VM7v,26
720575940621944583,DL2v,26
720575940621944583,VC5,31
720575940621944583,VL2p,18
720575940621947486,DM1,12
720575940621947486,VM5d,5
720575940621948810,DL2v,18
720575940621948810,DM5,13
720575940621948810,DM6,12
720575940621948810,VA2,14
720575940621948810,VL2a,10
720575940621973018,DA1,8
720575940621973018,DC4,20
720575940621973018,DL5,21
720575940621973018,V,10
720575940621983777,DC1,26
720575940621983777,DP1m,30
720575940621983777,VA4,19
720575940621987255,DM1,20
720575940621987255,DM6,16
720575940621987255,VA6,19
720575940621987255,VM5d,31
720575940621999044,D,12
720575940621999044,DL1,28
720575940621999044,DM6,23
720575940621999044,VL2a,16
720575940622005025,DC1,5
720575940622005025,DM2,26
720575940622005025,DM4,17
720575940622005025,VA2,33
720575940622005025,VC5,24
720575940622013564,DA2,9
720575940622013564,VC3,17
720575940622023262,DM2,7
720575940622023262,VA3,24
720575940622023262,VA6,23
720575940622023262,VC5,17
720575940622050186,DA1,26
720575940622050186,VC1,15
720575940622050186,VL2a,21
720575940622061803,DA1,13
720575940622061803,DC1,9
720575940622061803,DM4,21
720575940622061803,DM6,13
720575940622061803,VA4,12
720575940622061803,VL2a,16
720575940622067113,DA4l,7
720575940622067113,DM1,17
720575940622067113,VA4,23
720575940622078249,DL1,20
720575940622078249,DP1m,11
720575940622078249,V,14
720575940622078249,VA5,7
720575940622078249,VM5v,15
720575940622078249,VM7d,12
720575940622096589,DL2d,32
720575940622096589,DP1l,19
720575940622096589,VA7l,15
720575940622096589,VC1,22
720575940622096589,VL2p,23
720575940622102763,DM1,31
720575940622102763,DM2,31
720575940622102763,VA1v,10
720575940622102763,VM5d,18
720575940622102763,VM5v,13
720575940622103275,DM1,48
720575940622103275,DP1m,20
720575940622103275,VA2,20
720575940622112636,DA1,25
720575940622112636,DA3,8
720575940622112636,DM6,28
720575940622112636,VL2a,43
720575940622116428,VA3,5
720575940622133206,DC1,14
720575940622133206,DC4,18
720575940622133206,VA1d,10
720575940622133206,VM2,22
720575940622135501,DL2v,6
720575940622135501,DM1,20
720575940622135501,DP1m,6
720575940622162505,DM5,12
720575940622162505,DP1m,18
720575940622162505,VA2,22
720575940622162505,VA4,17
720575940622163197,DA1,20
720575940622163197,VA1d,22
720575940622163197,VA2,5
720575940622163197,VC1,6
720575940622163197,VC2,21
720575940622191177,DL3,8
720575940622191177,VA7m,6
720575940622191177,VM7d,19
720575940622216009,D,13
720575940622216009,DC4,18
720575940622216009,VA1d,11
720575940622216009,VL2a,6
720575940622216009,VM7v,8
720575940622217033,DM1,27
720575940622217033,DM4,12
720575940622217033,DM6,20
720575940622217033,DP1m,25
720575940622217033,VA1d,15
720575940622217033,VM2,18
720575940622222921,DM2,20
720575940622222921,DM6,16
720575940622222921,DP1m,23
720575940622222921,VM2,25
720575940622228812,DA1,16
720575940622228812,DC1,21
720575940622228812,VC3,5
720575940622228812,VM2,11
720575940622228812,VM7d,12
720575940622249949,DM2,29
720575940622249949,DM4,19
720575940622249949,V,23
720575940622249949,VM3,12
720575940622263510,DP1m,13
720575940622263510,VA5,17
720575940622263510,VA7l,6
720575940622263510,VA7m,18
720575940622263510,VC2,15
720575940622263510,VL2p,11
720575940622263510,VM5d,14
720575940622263510,VM7v,20
720575940622276365,DC1,17
720575940622276365,DM1,14
720575940622276365,DM4,16
720575940622276365,DP1m,20
720575940622276365,VA4,15
720575940622276365,VM3,14
720575940622288152,DP1l,13
720575940622288152,VA2,20
720575940622288152,VA5,18
720575940622288152,VA7m,15
720575940622288152,VM4,22
720575940622288152,VM7v,26
720575940622294808,DA1,6
720575940622294808,DA2,19
720575940622294808,DA4l,24
720575940622294808,DC2,41
720575940622294808,VC4,26
720575940622302488,DM5,12
720575940622302488,VA5,7
720575940622302488,VL2p,7
720575940622305304,DC2,8
720575940622305304,DC4,17
720575940622305304,VA4,8
720575940622305304,VA7m,15
720575940622305304,VC4,14
720575940622305304,VM4,6
720575940622335112,DC1,18
720575940622335112,DM2,26
720575940622335112,VA2,14
720575940622348424,DA4l,11
720575940622348424,VM4,7
720575940622387677,DA2,9
720575940622387677,DL1,18
720575940622387677,DL5,14
720575940622387677,VA2,11
720575940622387677,VL2p,6
720575940622398728,DM1,20
720575940622398728,DM6,23
720575940622398728,V,17
720575940622398728,VM3,12
720575940622398728,VM7d,27
720575940622402311,DC1,15
720575940622402311,DM2,16
720575940622402311,VA2,9
720575940622402311,VA3,18
720575940622402311,VA7m,5
720575940622428087,DP1l,7
720575940622428087,VL2a,8
720575940622451273,DA1,27
720575940622451273,DM6,26
720575940622451273,VA2,10
720575940622451273,VC3,34
720575940622451273,VM5d,26
720575940622462472,DA1,8
720575940622462472,DM2,15
720575940622462472,DM4,12
720575940622462472,DM5,11
720575940622462472,DP1m,17
720575940622462472,VA4,9
720575940622462472,VC3,18
720575940622538461,DC3,9
720575940622538461,VM7d,16
720575940622542517,DM2,23
720575940622542517,VA4,20
720575940622542517,VM3,12
720575940622549759,DC3,26
720575940622549759,VA2,16
720575940622549759,VL2a,14
720575940622558941,DC1,22
720575940622558941,VA1v,22
720575940622558941,VA2,10
720575940622558941,VA3,12
720575940622558941,VA5,8
720575940622565887,D,11
720575940622565887,DC2,15
720575940622565887,DM5,5
720575940622565887,VM1,15
720575940622565887,VM4,11
720575940622565887,VM7d,18
720575940622594601,DA1,23
720575940622594601,DM4,12
720575940622594601,VA6,23
720575940622595827,DM1,30
720575940622595827,DM4,27
720575940622595827,DP1l,42
720575940622595827,VM7d,22
720575940622633203,DL2d,17
720575940622633203,DM4,19
720575940622633203,DP1m,30
720575940622633203,VC2,22
720575940622637548,DC1,9
720575940622637548,DL2v,17
720575940622637548,DM1,33
720575940622637548,DP1m,22
720575940622637804,DM2,30
720575940622637804,DM3,28
720575940622637804,DM5,34
720575940622637804,VC3,33
720575940622641132,DA4l,10
720575940622641132,DC1,21
720575940622641132,DL2d,32
720575940622641132,DM2,24
720575940622641132,VA5,20
720575940622654444,DC2,25
720575940622654444,DM5,6
720575940622654444,DM6,26
720575940622654444,VM2,19
720575940622669508,DL2d,14
720575940622669508,DL2v,14
720575940622669508,DM1,29
720575940622669508,DM2,9
720575940622669508,V,16
720575940622669508,VA2,6
720575940622670835,V,5
720575940622671613,DC1,12
720575940622671613,DM2,26
720575940622671613,DP1l,38
720575940622671613,VC1,18
720575940622671613,VC3,17
720575940622671613,VM1,18
720575940622673703,DL2v,18
720575940622673703,DM2,5
720575940622673703,V,9
720575940622673703,VA2,7
720575940622673703,VC3,9
720575940622673703,VM7d,19
720575940622694182,DL2v,14
720575940622694182,DM4,18
720575940622694182,DM5,5
720575940622694182,V,8
720575940622694182,VA2,21
720575940622694182,VL2p,14
720575940622697196,D,15
720575940622697196,DA1,12
720575940622697196,DM1,17
720575940622697196,DM6,18
720575940622697196,VA5,21
720575940622697196,VM4,15
720575940622698825,DL1,5
720575940622698825,DP1m,13
720575940622723683,DM2,12
720575940622723683,DP1m,16
720575940622723683,VA5,7
720575940622723683,VA7m,28
720575940622723683,VM7d,32
720575940622727572,DM1,28
720575940622727572,DM5,22
720575940622727572,VA2,11
720575940622727572,VA3,27
720575940622727572,VC2,23
720575940622732493,DA1,14
720575940622732493,VA6,5
720575940622737812,DA1,8
720575940622737812,DP1l,8
720575940622737812,VA1v,8
720575940622737812,VA3,5
720575940622748868,DC3,7
720575940622748868,DL5,13
720575940622748868,DP1m,9
720575940622748868,VA3,14
720575940622748868,VC3,11
720575940622748868,VC4,10
720575940622768266,DC1,11
720575940622768266,DC2,11
720575940622768266,DP1l,11
720575940622768266,VA5,13
720575940622768266,VC3,14
720575940622768266,VC5,6
720575940622768397,VA2,9
720575940622768397,VA7l,16
720575940622771082,DL1,10
720575940622771082,DL2d,34
720575940622771082,DL5,8
720575940622771082,VA1v,19
720575940622773784,DL5,21
720575940622773784,VA3,16
720575940622773784,VM2,16
720575940622784611,DC4,9
720575940622784611,DL1,18
720575940622784611,VA1d,19
720575940622784611,VM5v,21
720575940622800653,DC3,17
720575940622800653,VA1v,13
720575940622800653,VA3,12
720575940622800653,VP1d,13
720575940622803850,DL2d,15
720575940622803850,DM6,18
720575940622803850,DP1l,9
720575940622803850,VA2,5
720575940622803850,VA3,20
720575940622803850,VA7l,11
720575940622803850,VM3,21
720575940622803850,VM5d,13
720575940622812003,DA1,19
720575940622812003,VA1d,12
720575940622812003,VL2p,16
720575940622812003,VM4,9
720575940622812808,DL2d,19
720575940622812808,DM5,19
720575940622812808,V,9
720575940622812808,VA5,11
720575940622812808,VC1,13
720575940622815684,DA1,9
720575940622815684,DL2d,11
720575940622815684,VM7d,11
720575940622816234,D,28
720575940622816234,DC3,13
720575940622816234,DL5,16
720575940622816234,DM3,15
720575940622816234,VC2,27
720575940622820586,DC3,12
720575940622820586,DM2,19
720575940622820586,VC3,16
720575940622820586,VM2,18
720575940622821325,DM1,8
720575940622821325,DM2,16
720575940622821325,DM4,11
720575940622821325,DM6,9
720575940622821325,DP1m,31
720575940622821325,VA1d,9
720575940622821325,VC4,15
720575940622821325,VM7v,16
720575940622837482,DC3,14
720575940622837482,DL1,21
720575940622837482,DP1m,12
720575940622837482,VL2p,22
720575940622837482,VM7v,23
720575940622844003,D,27
720575940622844003,DM1,6
720575940622844003,DM4,13
720575940622844003,DP1l,27
720575940622844003,VL1,7
720575940622844903,DL1,21
720575940622844903,DM6,36
720575940622844903,VC2,9
720575940622855560,DA4l,5
720575940622855560,DC3,21
720575940622855560,VA1v,16
720575940622855560,VA3,11
720575940622855560,VL1,6
720575940622857447,DL2v,32
720575940622857447,DM4,34
720575940622857447,VC1,20
720575940622857447,VM4,11
720575940622861971,DM2,32
720575940622861971,DP1m,35
720575940622861971,VA4,26
720575940622861971,VM3,19
720575940622886925,DL1,30
720575940622886925,VA2,9
720575940622886925,VA5,5
720575940622886925,VA7m,14
720575940622886925,VC4,18
720575940622886925,VL2a,12
720575940622888205,DA1,14
720575940622888205,DC1,11
720575940622888205,DM1,11
720575940622888205,DM6,12
720575940622888205,VA1d,18
720575940622888205,VA6,6
720575940622888205,VM7d,15
720575940622890509,DL3,23
720575940622890509,VA1d,10
720575940622890509,VL2a,19
720575940622890509,VM5d,8
720575940622891277,D,20
720575940622891277,VC4,27
720575940622891277,VM1,29
720575940622891277,VM7d,34
720575940622894349,DM6,22
720575940622894349,DP1l,17
720575940622894349,VA3,9
720575940622894349,VL2a,8
720575940622894349,VM5d,25
720575940622926472,DA1,13
720575940622926472,DM6,24
720575940622926472,DP1m,14
720575940622926472,VC3,13
720575940622928397,D,9
720575940622928397,DC3,8
720575940622928397,VA3,14
720575940622928397,VC3,11
720575940622928397,VL2a,5
720575940622930957,D,26
720575940622930957,DM4,8
720575940622930957,VC3,8
720575940622930957,VM7d,21
720575940622932809,DL3,9
720575940622932809,DM2,17
720575940622932809,DP1m,24
720575940622932809,VA2,12
720575940622932809,VA3,8
720575940622938637,DL2d,15
720575940622938637,DL2v,8
720575940622938637,DM2,9
720575940622938637,DP1m,8
720575940622938637,VC3,24
720575940622938637,VM2,11
720575940622938637,VM5v,9
720575940622944461,DP1l,13
720575940622944461,VA7m,22
720575940622944461,VM3,17
720575940622948872,DM1,17
720575940622948872,DM4,7
720575940622948872,VA2,8
720575940622965944,DA1,25
720575940622965944,DM6,14
720575940622965944,DP1m,17
720575940622965944,VL2p,23
720575940622972365,DC2,10
720575940622972365,DL1,25
720575940622972365,DL2d,23
720575940622972365,DL5,11
720575940622972365,VA7m,15
720575940622972686,DC1,20
720575940622972686,VL2a,9
720575940622976973,VA3,18
720575940622976973,VA7l,26
720575940622976973,VL2p,17
720575940622979475,D,13
720575940622981646,DA1,28
720575940622981646,DL1,25
720575940622981646,V,8
720575940622981646,VL2p,6
720575940622981902,DA2,6
720575940622981902,DC3,12
720575940622981902,DL5,13
720575940622981902,VA7m,21
720575940622981902,VC2,15
720575940622996104,DA1,19
720575940622996104,DC3,18
720575940622996104,VA6,13
720575940622996104,VA7l,11
720575940622996104,VM4,16
720575940622999944,DC4,8
720575940622999944,DL1,27
720575940622999944,VA4,12
720575940623003917,DC3,8
720575940623003917,VA1v,36
720575940623003917,VL1,8
720575940623008440,DL1,7
720575940623008440,DL2d,5
720575940623008440,DL5,16
720575940623008440,DM2,17
720575940623008440,V,15
720575940623008440,VL2a,7
720575940623009416,DL1,21
720575940623009416,V,21
720575940623009416,VA7m,21
720575940623009416,VM3,9
720575940623009549,DA1,5
720575940623009549,DL2d,14
720575940623009549,DP1m,11
720575940623009549,VA1d,26
720575940623009549,VM2,13
720575940623010253,DC2,24
720575940623010253,VA5,24
720575940623010253,VM5v,23
720575940623011720,DC1,17
720575940623011720,VA3,42
720575940623011720,VA7m,24
720575940623011720,VM5d,29
720575940623014328,DC2,15
720575940623015694,DA4l,12
720575940623015694,DC3,17
720575940623015694,VL2p,23
720575940623015694,VM4,13
720575940623016644,DC1,21
720575940623016644,DL2v,19
720575940623016644,VA5,15
720575940623023544,DM4,10
720575940623023544,DM6,26
720575940623023544,DP1m,13
720575940623023544,VC5,19
720575940623023544,VM2,14
720575940623030015,DC1,7
720575940623030015,DP1m,7
720575940623030015,VA1v,7
720575940623032970,DL2v,7
720575940623032970,DP1m,19
720575940623032970,VA2,7
720575940623059080,DA4l,8
720575940623059080,VA7m,15
720575940623059080,VC1,24
720575940623059080,VL1,5
720575940623059080,VM1,26
720575940623067942,DM2,9
720575940623067942,VA6,14
720575940623067942,VA7m,13
720575940623067942,VM2,10
720575940623067942,VM4,7
720575940623102396,DP1l,19
720575940623102396,VA6,18
720575940623102396,VL1,8
720575940623102396,VM7d,17
720575940623105023,DA1,19
720575940623105023,VA7l,25
720575940623105023,VA7m,20
720575940623105023,VC5,24
720575940623105023,VM5d,20
720575940623129087,DM1,13
720575940623129087,DM5,22
720575940623129087,VA1d,9
720575940623129087,VA7l,8
720575940623129087,VC2,18
720575940623129087,VM7v,23
720575940623136499,DC1,33
720575940623136499,DM6,33
720575940623165737,DM6,13
720575940623165737,VM7d,14
720575940623166471,DM4,27
720575940623166471,DM6,28
720575940623166471,VA2,20
720575940623166471,VL2a,12
720575940623171847,DA2,13
720575940623171847,VC3,20
720575940623171847,VC5,12
720575940623171847,VM3,8
720575940623191334,DA2,11
720575940623191334,DA4l,12
720575940623191334,DC3,22
720575940623191334,VA3,9
720575940623191334,VC3,22
720575940623191334,VM5d,15
720575940623203012,DP1m,10
720575940623203767,DC4,14
720575940623203767,DL1,20
720575940623203767,VA3,15
720575940623203767,VM5v,8
720575940623244180,DP1m,9
720575940623244180,VA2,5
720575940623252164,VA1d,6
720575940623252164,VM7d,10
720575940623315347,D,10
720575940623315347,DL1,19
720575940623315347,DP1m,9
720575940623315347,VA2,20
720575940623315347,VL2a,16
720575940623351443,VM4,11
720575940623353013,VA7l,7
720575940623353013,VM5d,9
720575940623356493,DL2d,6
720575940623356493,DL2v,7
720575940623356493,DM4,7
720575940623356493,DM6,11
720575940623356493,VA1v,7
720575940623356493,VA2,5
720575940623356493,VC4,17
720575940623356493,VM5v,12
720575940623356493,VM7d,18
720575940623358645,DA1,20
720575940623358645,VA4,13
720575940623358645,VL2a,28
720575940623358645,VM2,26
720575940623358645,VM5d,11
720575940623369412,DA1,6
720575940623369412,DA2,5
720575940623369412,DC1,23
720575940623369412,DC3,15
720575940623369412,DP1m,10
720575940623369412,VA7m,17
720575940623369668,VA1v,15
720575940623369668,VA5,11
720575940623370180,DA1,15
720575940623370180,DC1,8
720575940623370180,VC4,15
720575940623377555,DA1,13
720575940623377555,VA3,5
720575940623386506,DC1,13
720575940623386506,DP1m,22
720575940623386506,VA3,18
720575940623386506,VA7l,12
720575940623386506,VC1,22
720575940623400189,DA4l,15
720575940623400189,DC1,14
720575940623400189,DL1,8
720575940623400189,VA1v,18
720575940623400189,VA5,12
720575940623400445,D,7
720575940623400445,VA1d,21
720575940623400445,VA3,22
720575940623400445,VC4,9
720575940623400445,VL2a,17
720575940623403773,DL1,23
720575940623403773,DM2,10
720575940623403773,V,8
720575940623403773,VL2a,12
720575940623413898,DM4,16
720575940623413898,DM6,18
720575940623426633,VA7l,18
720575940623426633,VC3,8
720575940623426633,VM1,37
720575940623426633,VM7v,13
720575940623438571,DM6,14
720575940623438571,VA7l,17
720575940623438571,VC3,14
720575940623438571,VM7v,9
720575940623438665,DC3,22
720575940623438665,VA1d,24
720575940623438665,VC3,7
720575940623438665,VM4,7
720575940623441387,DM2,24
720575940623441387,VA2,13
720575940623441387,VA4,10
720575940623441387,VL2p,18
720575940623441387,VM1,15
720575940623441387,VM3,12
720575940623488270,DA2,9
720575940623488270,DA4l,12
720575940623488270,VA1v,26
720575940623488270,VA6,24
720575940623503111,DM4,11
720575940623503111,VA7l,21
720575940623503111,VM5d,11
720575940623521806,DL2v,14
720575940623521806,DP1l,18
720575940623521806,V,14
720575940623521806,VA1d,12
720575940623521806,VA3,14
720575940623542972,DL5,6
720575940623542972,DM2,6
720575940623542972,VC5,16
720575940623542972,VL2a,9
720575940623542972,VM5v,26
720575940623543303,D,9
720575940623543303,DL2d,17
720575940623543303,DM5,7
720575940623543303,VA1d,12
720575940623543303,VP1d,12
720575940623546638,DA4l,8
720575940623546638,DL5,15
720575940623546638,VL2p,7
720575940623546638,VM1,15
720575940623554748,DP1m,10
720575940623554748,VA2,7
720575940623582904,DC1,13
720575940623582904,DL2v,6
720575940623582904,DM1,33
720575940623582904,VM5d,18
720575940623586999,DC2,10
720575940623586999,DM3,19
720575940623586999,VA7m,31
720575940623586999,VM2,25
720575940623679495,DL2v,34
720575940623679495,VA6,33
720575940623679495,VC1,19
720575940623691920,DM1,11
720575940623691920,DM2,26
720575940623691920,DM4,48
720575940623691920,VM3,13
720575940623756215,DP1m,13
720575940623776437,DM2,9
720575940623776437,DM3,18
720575940623776437,DM4,13
720575940623776437,DP1m,27
720575940623776437,VC3,8
720575940623810487,D,11
720575940623810487,DA2,5
720575940623810487,DP1m,11
720575940623810487,VA1v,19
720575940623810487,VC3,13
720575940623822261,DA1,17
720575940623822261,DM3,13
720575940623822261,DM6,33
720575940623822261,VA1d,33
720575940623822261,VL2p,27
720575940623878327,DP1l,9
720575940623890890,DC2,36
720575940623890890,VA1d,32
720575940623890890,VA1v,13
720575940623890890,VM3,21
720575940623914679,DM4,5
720575940623914679,DP1m,11
720575940623914679,VA2,5
720575940623914954,DA1,15
720575940623914954,DL1,18
720575940623914954,DP1l,31
720575940623914954,VA5,11
720575940623914954,VC5,11
720575940623914954,VM5d,21
720575940623943572,DL2v,26
720575940623943572,DM4,24
720575940623943572,VA2,22
720575940623943572,VM3,18
720575940623946988,DC2,31
720575940623946988,DL2v,29
720575940623946988,V,17
720575940623946988,VC2,12
720575940623947500,VA1d,19
720575940623947500,VM3,27
720575940623947500,VM5v,10
720575940623964820,DA4l,11
720575940623964820,VA1d,14
720575940623964820,VA3,11
720575940623964820,VC2,16
720575940623965513,VA3,15
720575940623965513,VL2p,11
720575940623971819,VC2,10
720575940623971819,VC3,10
720575940623978789,DM1,8
720575940623978789,DM4,5
720575940623978789,DP1m,7
720575940623978789,VA3,23
720575940623978789,VC3,9
720575940623978789,VL2p,10
720575940623981385,DC1,18
720575940623981385,DC3,10
720575940623981385,VA1d,17
720575940623981385,VA7m,6
720575940623981385,VC1,7
720575940623981385,VL2a,7
720575940623985189,DM2,7
720575940623985189,DM6,35
720575940623985189,V,5
720575940623985189,VA7m,20
720575940623986469,DA1,8
720575940623986469,DL1,7
720575940623986469,VC5,7
720575940623991333,DM2,12
720575940623991333,DP1m,9
720575940623991333,VA2,10
720575940623991333,VL2p,18
720575940623991333,VM5v,18
720575940624014077,DM1,15
720575940624014077,DM4,17
720575940624014077,DP1l,17
720575940624014077,DP1m,27
720575940624014077,VA2,15
720575940624032264,DC2,30
720575940624032264,DL5,23
720575940624032264,VA6,14
720575940624032264,VM7v,17
720575940624054675,DA1,13
720575940624054675,DC1,12
720575940624054675,DM2,12
720575940624054675,DM5,13
720575940624054675,DP1m,8
720575940624054675,VC1,11
720575940624054675,VC5,11
720575940624060208,DL2v,32
720575940624060208,DM6,32
720575940624060208,VC4,23
720575940624060208,VM5d,15
720575940624086251,DA1,11
720575940624086251,VA3,13
720575940624096039,DA1,8
720575940624096039,DL1,13
720575940624096039,DM6,25
720575940624096039,VA4,13
720575940624096039,VA5,8
720575940624107706,DM2,23
720575940624107706,DM3,10
720575940624107706,V,21
720575940624107706,VC2,26
720575940624112058,DL1,37
720575940624112058,VA5,26
720575940624112058,VM4,22
720575940624114494,DM2,30
720575940624114494,DM4,9
720575940624114494,DP1l,15
720575940624114494,DP1m,14
720575940624114494,VC2,13
720575940624125114,DL1,23
720575940624125114,DM2,6
720575940624125114,VA3,20
720575940624125114,VL2a,19
720575940624125626,DM1,13
720575940624125626,DM3,16
720575940624125626,DM4,14
720575940624125626,VA2,14
720575940624125626,VA4,8
720575940624125626,VC3,13
720575940624125626,VM2,17
720575940624149256,VA2,14
720575940624149256,VC3,5
720575940624157675,DC1,24
720575940624157675,VA4,6
720575940624157675,VA6,7
720575940624157675,VM4,17
720575940624158352,DC1,23
720575940624158352,DC2,21
720575940624158352,DM2,6
720575940624158352,VA3,10
720575940624158650,DM4,13
720575940624158650,DM5,8
720575940624158650,DP1l,26
720575940624158650,V,12
720575940624158650,VA2,9
720575940624158650,VM3,11
720575940624158906,DM1,12
720575940624158906,DP1m,15
720575940624158906,VC3,20
720575940624158906,VM2,25
720575940624158906,VM5d,17
720575940624195559,VM7d,14
720575940624232974,DM1,14
720575940624232974,DM2,18
720575940624232974,DM4,23
720575940624232974,DP1m,19
720575940624232974,VA2,12
720575940624232974,VL2p,8
720575940624265572,DL1,28
720575940624265572,DM3,18
720575940624265572,DM4,8
720575940624265572,DP1l,24
720575940624271716,DC4,13
720575940624271716,DL5,7
720575940624271716,VM1,15
720575940624271716,VM5v,20
720575940624271716,VM7v,9
720575940624288520,D,15
720575940624288520,DL4,12
720575940624288520,DP1m,27
720575940624288520,VA2,11
720575940624288520,VM2,10
720575940624288520,VM7d,16
720575940624293048,DM5,12
720575940624293048,VL2a,26
720575940624294072,DL2d,15
720575940624294072,DM4,6
720575940624296376,VC1,11
720575940624302008,DC1,20
720575940624302008,DM4,12
720575940624302008,VC3,14
720575940624302008,VM5d,22
720575940624302008,VM5v,10
720575940624327196,DM1,35
720575940624327196,DM4,15
720575940624327196,DP1m,44
720575940624375088,DM4,16
720575940624375088,DM5,15
720575940624375088,VA6,10
720575940624375088,VC3,10
720575940624392220,DL2d,13
720575940624392220,DM1,17
720575940624392220,DP1l,20
720575940624392220,VA2,11
720575940624392220,VA4,15
720575940624396524,DM1,17
720575940624396524,DM3,18
720575940624396524,VM3,13
720575940624396524,VM7v,20
720575940624421148,DA1,21
720575940624421148,VM5d,7
720575940624426533,DC3,5
720575940624426533,DM3,9
720575940624426533,DP1l,21
720575940624426533,DP1m,15
720575940624426533,VA1d,6
720575940624426533,VC3,9
720575940624426533,VC5,11
720575940624428019,DP1l,26
720575940624428019,DP1m,13
720575940624428019,VA1v,10
720575940624428019,VA6,19
720575940624428019,VL2p,10
720575940624429036,VA2,13
720575940624429036,VA7l,10
720575940624429036,VA7m,9
720575940624429036,VC1,19
720575940624429036,VM3,8
720575940624453868,DL2d,7
720575940624453868,DM1,17
720575940624453868,VA2,8
720575940624453868,VM1,8
720575940624453868,VM3,10
720575940624480148,DM5,12
720575940624480148,DP1m,21
720575940624480148,VA5,12
720575940624480148,VC1,10
720575940624480148,VC3,9
720575940624480148,VM1,17
720575940624487572,DL2d,20
720575940624487572,VA3,15
720575940624487572,VA7l,14
720575940624487572,VC3,24
720575940624487572,VM1,15
720575940624492802,DA2,5
720575940624492802,DM3,10
720575940624492802,DP1m,23
720575940624492802,VA2,16
720575940624492802,VA7m,8
720575940624494373,DC1,14
720575940624494373,DC2,31
720575940624494373,VA2,19
720575940624494373,VA4,8
720575940624494373,VL2p,11
720575940624494996,DP1m,18
720575940624494996,VM5d,31
720575940624516339,DL5,29
720575940624516339,DM3,27
720575940624516339,DM6,31
720575940624516339,VM5d,39
720575940624524234,DA2,10
720575940624524234,VA1d,28
720575940624524234,VM1,26
720575940624527091,D,34
720575940624527091,DA2,10
720575940624527091,DA4m,15
720575940624527091,DL3,16
720575940624532979,DL1,17
720575940624532979,VA7l,9
720575940624532979,VL2a,12
720575940624537836,V,19
720575940624537836,VA1v,6
720575940624537836,VA2,28
720575940624537836,VM7d,16
720575940624563075,VA5,15
720575940624572052,DM1,18
720575940624572052,VA1d,15
720575940624572052,VA3,15
720575940624572052,VM7d,21
720575940624577613,DC3,14
720575940624577613,DL2v,25
720575940624577613,DM5,6
720575940624577613,DM6,17
720575940624577613,VC3,23
720575940624577613,VC5,15
720575940624584579,DC1,21
720575940624584579,DL1,13
720575940624584579,DM1,6
720575940624584579,DM3,6
720575940624584579,VA1v,20
720575940624584579,VM7v,13
720575940624584835,DM2,31
720575940624584835,VA2,16
720575940624584835,VA4,7
720575940624584835,VC4,30
720575940624593132,DM3,11
720575940624593132,VA2,8
720575940624593132,VA4,14
720575940624593132,VC4,13
720575940624593132,VM2,16
720575940624593132,VM5v,18
720575940624596355,DC1,7
720575940624596355,DP1l,19
720575940624596355,DP1m,23
720575940624596355,VA2,6
720575940624597228,DM1,22
720575940624597228,DM5,7
720575940624597228,DP1l,19
720575940624597228,VA4,11
720575940624597788,DA2,8
720575940624597788,VA1d,30
720575940624599939,DA3,16
720575940624599939,DM1,26
720575940624599939,DM4,29
720575940624599939,VA2,32
720575940624601236,DP1l,12
720575940624601236,VM4,5
720575940624601731,DP1m,27
720575940624601731,VC1,16
720575940624601731,VL2p,15
720575940624609101,DC1,22
720575940624609101,DM4,18
720575940624609101,VA7m,18
720575940624609101,VL2p,8
720575940624609101,VM2,9
720575940624609101,VM5v,17
720575940624626563,DM4,19
720575940624626563,DP1l,14
720575940624626563,DP1m,29
720575940624626563,VC4,23
720575940624629948,VM7d,5
720575940624637884,DL2d,30
720575940624637884,VA3,29
720575940624637884,VA4,16
720575940624637884,VC1,17
720575940624638396,DA1,23
720575940624638396,DM5,18
720575940624638396,VL1,6
720575940624642492,DL2d,9
720575940624642492,V,14
720575940624644739,D,17
720575940624644739,DC1,5
720575940624644739,DP1m,22
720575940624644739,VA2,14
720575940624644739,VM1,13
720575940624644739,VM5v,6
720575940624644739,VM7d,20
720575940624647299,DP1l,18
720575940624647299,DP1m,7
720575940624647299,VA7l,14
720575940624647299,VA7m,11
720575940624647299,VM2,13
720575940624647299,VM4,11
720575940624647299,VM5d,16
720575940624648067,DL2d,22
720575940624648067,DL5,17
720575940624648067,DM4,11
720575940624648067,DM6,13
720575940624648067,VA1d,20
720575940624648067,VA3,14
720575940624660313,VA2,8
720575940624663427,DM2,8
720575940624663427,DP1l,15
720575940624663427,VC3,7
720575940624682426,DA1,19
720575940624682426,DA2,6
720575940624682426,DL2v,17
720575940624682426,VC5,8
720575940624682426,VM4,11
720575940624682426,VM5d,19
720575940624693287,D,20
720575940624693287,DC3,15
720575940624693287,DL2d,9
720575940624693287,VM5d,19
720575940624693287,VM5v,19
720575940624704002,DM4,39
720575940624704002,VA7m,17
720575940624704002,VM1,12
720575940624704002,VM5d,26
720575940624704002,VM5v,15
720575940624711655,DA4m,6
720575940624711655,DL2d,10
720575940624711655,VA7m,17
720575940624711655,VC4,8
720575940624711655,VM2,11
720575940624711655,VM5d,13
720575940624721084,DA2,7
720575940624721084,DC2,19
720575940624721084,DL1,19
720575940624721084,VA1v,8
720575940624721084,VC2,11
720575940624729528,DM4,9
720575940624729528,VA4,23
720575940624729528,VC1,7
720575940624729528,VL2a,10
720575940624754983,DM1,13
720575940624754983,DM2,7
720575940624754983,DM3,30
720575940624754983,DM5,16
720575940624754983,VA4,32
720575940624754983,VM3,27
720575940624770574,DA3,13
720575940624770574,DC4,16
720575940624770574,DM5,5
720575940624770574,VA7l,10
720575940624770574,VA7m,13
720575940624800188,DA1,9
720575940624800188,DA4l,8
720575940624800188,DC4,9
720575940624800188,DP1m,8
720575940624800188,VC3,5
720575940624800188,VM7d,7
720575940624830503,DL2v,18
720575940624830503,DM4,19
720575940624830503,DM5,16
720575940624830503,DP1m,21
720575940624834968,DL5,14
720575940624834968,DM1,13
720575940624834968,VA1d,19
720575940624834968,VA4,5
720575940624834968,VC3,16
720575940624834968,VL2a,19
720575940624834968,VM5d,18
720575940624837927,DC2,17
720575940624837927,DP1l,21
720575940624837927,VA1d,28
720575940624837927,VA1v,41
720575940624851864,DC1,15
720575940624851864,DC3,19
720575940624851864,DM2,9
720575940624851864,DP1m,7
720575940624852120,DM1,16
720575940624852120,DM3,28
720575940624852120,VA2,30
720575940624852120,VC3,15
720575940624852120,VM2,23
720575940624852120,VM3,32
720575940624859032,VA7m,17
720575940624859032,VC2,12
720575940624859032,VM2,19
720575940624859032,VM4,12
720575940624884920,DL2v,28
720575940624884920,DM2,14
720575940624884920,V,19
720575940624884920,VL2p,9
720575940624940814,DL1,28
720575940624940814,VC1,30
720575940624940814,VM3,5
720575940624941326,DA1,10
720575940624941326,DL2v,17
720575940624941326,DM1,24
720575940624941326,DM6,25
720575940624941326,VA2,12
720575940624941326,VA4,13
720575940624974010,DC3,10
720575940624974010,DP1l,26
720575940624974010,VA6,14
720575940624994941,VL2a,24
720575940625002526,VA1v,9
720575940625002526,VM1,20
720575940625015070,DA1,22
720575940625015070,DC1,7
720575940625015070,DM6,10
720575940625015070,DP1m,16
720575940625015070,VA3,16
720575940625015070,VA6,15
720575940625023869,DC1,10
720575940625023869,DL2v,11
720575940625023869,DM1,8
720575940625023869,DP1l,12
720575940625023869,DP1m,17
720575940625023869,V,8
720575940625023869,VA4,15
720575940625024125,DM1,20
720575940625024125,DM2,13
720575940625024125,DM6,8
720575940625024125,DP1l,27
720575940625024125,VA4,25
720575940625054589,DM1,13
720575940625054589,DM4,8
720575940625054589,DP1l,21
720575940625054589,DP1m,35
720575940625054589,VA1v,6
720575940625058173,DC1,8
720575940625058173,VA1v,12
720575940625058173,VA2,10
720575940625058173,VC2,10
720575940625058173,VC3,22
720575940625155877,DL1,17
720575940625155877,DP1m,7
720575940625155877,VA1d,23
720575940625155877,VC5,8
720575940625155877,VL2p,19
720575940625156901,DC2,31
720575940625156901,DM3,14
720575940625156901,VA3,33
720575940625156901,VC1,22
720575940625156901,VM2,34
720575940625158437,DL3,6
720575940625158437,DM3,16
720575940625158437,DM5,16
720575940625158437,VA3,29
720575940625158437,VM5d,30
720575940625163139,DM2,11
720575940625171289,DA1,9
720575940625171289,VA1d,24
720575940625171289,VA3,9
720575940625171289,VC3,7
720575940625171289,VM5v,12
720575940625223690,DL2v,9
720575940625223690,DM1,18
720575940625223690,DM3,19
720575940625223690,VA1d,26
720575940625235033,VC3,9
720575940625261834,DC1,9
720575940625261834,DL1,11
720575940625261834,VA7l,8
720575940625264659,DP1m,6
720575940625264659,VA2,15
720575940625264659,VA4,8
720575940625264659,VM5d,6
720575940625266057,D,28
720575940625266057,DA1,19
720575940625266057,DM1,25
720575940625266057,VA3,25
720575940625290003,DM1,34
720575940625290003,V,13
720575940625290003,VA7l,22
720575940625290003,VM2,19
720575940625290003,VM3,18
720575940625292606,DC1,13
720575940625292606,DL3,5
720575940625292606,VM5d,13
720575940625300254,DL1,29
720575940625300254,VA4,13
720575940625300254,VC4,6
720575940625300254,VM5d,6
720575940625311418,DA3,11
720575940625311418,DM6,23
720575940625311418,DP1m,20
720575940625311418,VA3,10
720575940625311418,VM7v,23
720575940625317139,VL2a,12
720575940625318163,DC4,15
720575940625318163,VA3,17
720575940625318163,VC3,19
720575940625318163,VL2a,11
720575940625323326,DA2,20
720575940625323326,DC3,24
720575940625323326,DL2d,28
720575940625323326,VA5,15
720575940625323795,D,23
720575940625323795,DM4,6
720575940625323795,VA6,14
720575940625323795,VC2,14
720575940625329029,DC1,18
720575940625329029,DM1,10
720575940625329029,DM2,20
720575940625329029,DM4,22
720575940625329029,DM5,32
720575940625331006,DM2,10
720575940625331006,VA1d,34
720575940625331006,VA7l,11
720575940625331006,VC4,10
720575940625331006,VM7d,10
720575940625333822,DA1,12
720575940625333822,DC3,16
720575940625333822,DP1l,19
720575940625333822,VA2,12
720575940625333822,VM1,29
720575940625343640,DC1,8
720575940625343640,DL1,16
720575940625343640,DP1m,17
720575940625343640,VA6,17
720575940625354904,DM1,20
720575940625354904,DM4,6
720575940625354904,VC5,5
720575940625354904,VM2,7
720575940625376841,D,25
720575940625376841,DM2,7
720575940625376841,DM3,5
720575940625376841,DP1m,10
720575940625376841,VL2a,8
720575940625377688,DA1,12
720575940625377688,DL3,22
720575940625377688,DM1,24
720575940625377688,DM2,11
720575940625377688,DP1m,22
720575940625377688,VC3,14
720575940625377688,VM3,8
720575940625399077,DM4,24
720575940625399077,DM5,8
720575940625399077,DM6,21
720575940625399077,DP1m,34
720575940625451920,DM6,23
720575940625451920,VA1d,8
720575940625451920,VL2p,9
720575940625454640,DC3,24
720575940625454640,VA5,21
720575940625454640,VA7m,18
720575940625454640,VL2p,8
720575940625454640,VM7v,24
720575940625476708,DC1,23
720575940625476708,DC3,5
720575940625476708,DP1m,21
720575940625476964,DA1,15
720575940625476964,VA1d,7
720575940625482084,DA2,6
720575940625482084,DL5,8
720575940625482084,VA6,26
720575940625482084,VA7l,13
720575940625482084,VM5v,13
720575940625486692,DL1,29
720575940625486692,DP1m,28
720575940625486692,VM2,26
720575940625486692,VM5d,18
720575940625486692,VM7d,30
720575940625497488,DL1,16
720575940625497488,DL2d,17
720575940625497488,DM1,15
720575940625497488,V,17
720575940625497488,VC3,11
720575940625497488,VM1,32
720575940625497488,VP1d,9
720575940625499153,DM1,22
720575940625499153,VA2,6
720575940625499153,VC4,13
720575940625506704,DM4,7
720575940625506704,VA2,5
720575940625507888,V,13
720575940625508400,DM2,27
720575940625508400,DM4,31
720575940625508400,DM6,21
720575940625508400,DP1m,35
720575940625508400,VA2,11
720575940625532689,DP1m,11
720575940625532689,VA3,26
720575940625532689,VA7m,14
720575940625532689,VC2,24
720575940625532689,VC4,20
720575940625532689,VM7v,21
720575940625537822,DC1,19
720575940625537822,VA2,13
720575940625537822,VM7d,25
720575940625560189,D,12
720575940625560189,DA4l,6
720575940625560189,DL1,14
720575940625560189,DM6,8
720575940625560189,VA1v,19
720575940625561374,VA1v,10
720575940625561374,VA7m,6
720575940625564816,DC1,9
720575940625564816,DL2v,15
720575940625564816,VC5,5
720575940625570334,DL4,8
720575940625570334,DL5,11
720575940625570334,DM4,8
720575940625570334,DP1m,16
720575940625570334,VA1d,10
720575940625570334,VC3,19
720575940625584688,DA1,13
720575940625584688,DC1,20
720575940625584688,DM2,16
720575940625584688,DP1l,24
720575940625584688,VC1,18
720575940625600048,DA1,16
720575940625600048,DM6,5
720575940625600048,VA7m,5
720575940625625136,VC3,5
720575940625625136,VM7d,7
720575940625642340,DM2,14
720575940625642340,DP1m,26
720575940625642340,VA3,11
720575940625642340,VA4,8
720575940625646876,D,36
720575940625646876,DA4l,7
720575940625646876,DL2d,12
720575940625646876,VC3,10
720575940625646876,VM7d,25
720575940625655464,DA4l,17
720575940625655464,VA1d,19
720575940625655464,VL1,9
720575940625655464,VP1d,18
720575940625663674,DC3,10
720575940625663674,DC4,17
720575940625663674,DL5,8
720575940625663674,VA5,10
720575940625663674,VA7l,10
720575940625665564,DM1,16
720575940625665564,DM4,20
720575940625665564,DM5,11
720575940625665564,V,17
720575940625665564,VA2,25
720575940625665564,VM3,16
720575940625667365,DL2v,8
720575940625667365,DM1,29
720575940625667365,DM4,5
720575940625667365,VM5d,16
720575940625678613,DC1,16
720575940625678613,DP1m,11
720575940625678613,VA3,5
720575940625678613,VC5,7
720575940625678613,VL2p,7
720575940625690140,DA2,8
720575940625690140,DC1,25
720575940625690140,DP1l,19
720575940625690140,VA6,10
720575940625690140,VM4,17
720575940625691669,DL3,15
720575940625691669,DM4,14
720575940625691669,V,11
720575940625691669,VC3,18
720575940625691669,VM2,14
720575940625692816,DC1,11
720575940625692816,DC2,18
720575940625692816,DC3,20
720575940625692816,VA6,9
720575940625692816,VC3,14
720575940625702949,DM2,14
720575940625702949,V,15
720575940625702949,VA4,13
720575940625702949,VC4,12
720575940625715733,DM5,11
720575940625715733,VA3,31
720575940625715733,VM1,26
720575940625715733,VM5d,16
720575940625718696,DC2,29
720575940625718696,DL1,16
720575940625718696,VA5,9
720575940625718696,VA7m,11
720575940625718696,VL2p,6
720575940625720341,DA1,14
720575940625720341,DC3,5
720575940625720341,VA1d,7
720575940625720341,VC1,12
720575940625720341,VM5v,9
720575940625724072,DC1,6
720575940625724072,VA2,7
720575940625724072,VA3,6
720575940625724072,VM7v,26
720575940625732496,DA1,12
720575940625732496,DA4l,8
720575940625732496,DP1l,16
720575940625732496,VA1v,11
720575940625732496,VM7d,15
720575940625740169,DP1m,13
720575940625740169,VM3,16
720575940625741455,DA4l,8
720575940625741455,VC3,9
720575940625741455,VC4,22
720575940625741455,VM5d,23
720575940625750671,D,6
720575940625750671,V,15
720575940625750671,VL2a,9
720575940625753621,DM6,30
720575940625753621,DP1m,16
720575940625753621,VA7m,13
720575940625753621,VM1,30
720575940625762447,DM1,11
720575940625762447,DM4,19
720575940625762447,DM5,24
720575940625762447,VA3,9
720575940625762447,VA4,9
720575940625762447,VL2p,6
720575940625765306,VM2,26
720575940625768073,DM1,20
720575940625768073,DM2,17
720575940625768073,DP1l,27
720575940625768073,VA2,18
720575940625768073,VA4,13
720575940625768073,VM2,16
720575940625780648,DM5,15
720575940625780648,DM6,24
720575940625780648,VA6,28
720575940625780648,VM5d,20
720575940625781541,DC1,5
720575940625781541,DL5,9
720575940625781541,VM5v,9
720575940625800741,DL1,30
720575940625800741,DM2,8
720575940625800741,DP1m,18
720575940625800741,VA2,23
720575940625800741,VC2,7
720575940625807108,DM3,19
720575940625807108,VA2,17
720575940625807108,VA5,25
720575940625807108,VC2,20
720575940625834900,DP1m,8
720575940625834900,VA2,8
720575940625837060,DA2,12
720575940625837060,DP1m,14
720575940625837060,VM1,13
720575940625837060,VM5d,7
720575940625837060,VM7d,19
720575940625843075,DP1l,15
720575940625864964,DA1,9
720575940625864964,DC4,19
720575940625864964,VA1v,13
720575940625864964,VA3,16
720575940625864964,VM7v,11
720575940625900900,DL2v,19
720575940625900900,DM3,15
720575940625900900,DP1l,26
720575940625900900,VA4,26
720575940625901002,DA1,23
720575940625901002,DC1,21
720575940625901002,VA6,12
720575940625901002,VC1,25
720575940625901002,VM5d,15
720575940625937797,DM4,5
720575940625939801,DA3,10
720575940625939801,DC2,16
720575940625939801,DL2d,17
720575940625939801,VA3,6
720575940625939801,VA5,12
720575940625939801,VC3,12
720575940625940456,DC3,17
720575940625940456,DM1,14
720575940625940456,VM4,19
720575940625942458,DA1,10
720575940625942458,DL1,12
720575940625942458,VA5,11
720575940625942458,VA7l,15
720575940625942590,VA2,12
720575940625942590,VC1,14
720575940625942590,VM5d,8
720575940625942590,VM7d,11
720575940625969640,D,12
720575940625969640,DC3,13
720575940625969640,DP1m,14
720575940625969640,VL2a,14
720575940625969640,VM2,23
720575940625994728,DM1,28
720575940625994728,DM2,13
720575940625994728,VC4,11
720575940625995251,DA4l,11
720575940625995251,DC1,15
720575940625995251,DM2,7
720575940625995251,VM7v,27
720575940626002494,VA6,11
720575940626044924,DL1,13
720575940626044924,VA1d,24
720575940626044924,VA3,5
720575940626044924,VC3,9
720575940626044924,VM7v,12
720575940626075079,VC4,17
720575940626075079,VM1,13
720575940626081176,DA4l,16
720575940626081176,DL2d,17
720575940626081176,DL2v,21
720575940626081176,VC1,23
720575940626081176,VM3,20
720575940626082404,VA2,8
720575940626082404,VA4,16
720575940626082404,VA7m,15
720575940626082404,VL2p,16
720575940626082404,VM3,15
720575940626086244,DA1,15
720575940626086244,DC1,5
720575940626086244,DL1,21
720575940626086244,VC2,7
720575940626086244,VL2a,16
720575940626089980,DL2d,21
720575940626089980,DP1m,14
720575940626089980,VC3,13
720575940626090340,DC1,15
720575940626090340,DC3,12
720575940626090340,VA6,16
720575940626090340,VA7l,17
720575940626090340,VC5,10
720575940626124743,DP1l,11
720575940626124743,VA2,6
720575940626124743,VM5v,5
720575940626194716,DC1,20
720575940626194716,DL1,9
720575940626194716,VA7m,5
720575940626194716,VM7d,8
720575940626212625,DM6,5
720575940626212625,VA1v,14
720575940626212625,VA3,16
720575940626212625,VL2a,5
720575940626212625,VM5d,7
720575940626220830,DC2,16
720575940626220830,DC4,16
720575940626220830,DL1,17
720575940626220830,DP1m,26
720575940626220830,VC3,11
720575940626220830,VC5,24
720575940626225173,DM6,5
720575940626225941,DL2d,20
720575940626225941,DP1m,23
720575940626225941,VA4,13
720575940626225941,VM2,16
720575940626226690,DC1,5
720575940626226690,DL2v,8
720575940626226690,VM5d,12
720575940626251778,D,5
720575940626251778,DC1,8
720575940626251778,VA6,8
720575940626251778,VC5,10
720575940626251778,VM7v,6
720575940626252273,DA4m,11
720575940626252273,VA1d,25
720575940626252273,VL2p,6
720575940626253318,DM3,23
720575940626253318,DM4,27
720575940626253318,DM5,10
720575940626253318,DP1l,18
720575940626253318,VM7v,5
720575940626274822,DM3,7
720575940626274822,DM6,12
720575940626274822,DP1m,34
720575940626274822,VC4,10
720575940626274822,VM5d,8
720575940626277382,DM5,17
720575940626277382,DM6,14
720575940626277382,VA2,17
720575940626277382,VC4,16
720575940626277382,VM2,26
720575940626284157,DC2,29
720575940626284157,VL2p,7
720575940626284157,VM2,14
720575940626284157,VM3,18
720575940626294090,DL5,7
720575940626294090,DP1m,8
720575940626294090,VA1d,13
720575940626294090,VA5,9
720575940626294090,VM1,16
720575940626294090,VM5d,20
720575940626305679,DA1,16
720575940626305679,VA5,11
720575940626305679,VC3,14
720575940626305679,VL2a,10
720575940626313546,DC1,6
720575940626313546,DM4,6
720575940626316802,DP1m,18
720575940626316802,VA1d,27
720575940626316802,VC5,15
720575940626316802,VM1,20
720575940626326952,DM4,8
720575940626326952,DM5,6
720575940626326952,VA2,11
720575940626326952,VA7m,8
720575940626326952,VC2,19
720575940626326952,VM3,20
720575940626331978,DP1l,10
720575940626331978,VA1d,29
720575940626331978,VA2,25
720575940626331978,VA6,25
720575940626331978,VM4,9
720575940626343665,DC1,8
720575940626343665,DL1,13
720575940626343665,DM2,11
720575940626343665,V,6
720575940626343665,VA4,5
720575940626343665,VA7l,6
720575940626343665,VM7v,18
720575940626353905,DC1,5
720575940626353905,DM3,12
720575940626353905,DP1m,17
720575940626353905,VC4,17
720575940626353905,VM3,5
720575940626362696,DL1,9
720575940626362696,DL2v,20
720575940626362696,DM1,9
720575940626362696,VA4,6
720575940626362696,VC5,15
720575940626362696,VM2,15
720575940626363791,DL1,16
720575940626364401,DA2,7
720575940626364401,DP1l,17
720575940626397565,D,10
720575940626397565,DL1,10
720575940626397565,VA3,11
720575940626397565,VA7m,11
720575940626397565,VC1,5
720575940626403400,DM1,7
720575940626430339,DL5,18
720575940626430339,VA1v,23
720575940626430339,VA5,5
720575940626430339,VA6,19
720575940626430339,VL2a,14
720575940626464901,DM2,8
720575940626464901,DM5,13
720575940626464901,DM6,25
720575940626464901,DP1l,26
720575940626474889,DM2,20
720575940626474889,VA1d,33
720575940626474889,VA4,13
720575940626474889,VM2,17
720575940626496275,DL2v,26
720575940626496275,DM1,10
720575940626496275,DM2,12
720575940626496275,VA4,7
720575940626496275,VC4,18
720575940626496275,VM7d,14
720575940626510211,DP1l,20
720575940626510211,VA1v,11
720575940626510211,VC3,19
720575940626510211,VM2,23
720575940626510211,VM3,18
720575940626513027,DC3,12
720575940626513027,DP1l,12
720575940626513027,DP1m,18
720575940626513027,VA3,20
720575940626513027,VM2,26
720575940626513171,DA2,7
720575940626513171,DC3,25
720575940626513171,DP1m,17
720575940626513171,VA5,10
720575940626513171,VM2,19
720575940626513171,VM4,16
720575940626526218,DM2,21
720575940626526218,DP1m,20
720575940626526218,V,24
720575940626526218,VA2,18
720575940626526218,VM7v,24
720575940626535434,DA1,25
720575940626535434,DM6,27
720575940626535434,VA3,20
720575940626535434,VC3,32
720575940626536714,DL4,7
720575940626536714,DP1l,16
720575940626536714,VC3,11
720575940626536714,VM7d,19
720575940626536714,VM7v,17
720575940626547817,DA1,16
720575940626547817,DC1,15
720575940626547817,VL2p,9
720575940626548234,DA1,18
720575940626548234,DC3,29
720575940626548234,DL2d,25
720575940626548234,VA7l,13
720575940626548234,VM5d,26
720575940626550504,VA6,7
720575940626560857,DA1,16
720575940626560857,DC1,12
720575940626560857,DM2,20
720575940626560857,VC3,19
720575940626560857,VM5v,9
720575940626562665,DA1,10
720575940626562665,DC3,6
720575940626562665,VA1v,15
720575940626562665,VA6,14
720575940626582842,VA2,37
720575940626582842,VC5,10
720575940626582842,VL2a,12
720575940626582842,VM5d,25
720575940626621498,DA1,29
720575940626621498,DL1,15
720575940626621498,DL5,27
720575940626621498,DM6,14
720575940626621498,VA1d,12
720575940626621498,VM4,13
720575940626622480,DA1,24
720575940626622480,DC1,20
720575940626622480,DM2,17
720575940626622480,DM5,19
720575940626640158,VM5v,20
720575940626646544,DL1,19
720575940626646544,DM2,18
720575940626646544,DM6,31
720575940626646544,VA4,10
720575940626646544,VM2,24
720575940626651288,D,10
720575940626651288,DC1,11
720575940626651288,DC2,15
720575940626651288,DP1m,16
720575940626651288,VA5,8
720575940626655321,DC1,10
720575940626655321,DL2v,8
720575940626655321,VC3,9
720575940626655321,VC5,13
720575940626655321,VM2,7
720575940626655321,VM5v,12
720575940626657808,DC1,6
720575940626657808,DL5,21
720575940626657808,DM6,11
720575940626657808,DP1m,7
720575940626657808,VA5,10
720575940626663440,DC1,18
720575940626663440,DC3,17
720575940626663440,DM1,18
720575940626663440,DM2,15
720575940626663440,DP1m,23
720575940626663440,VL2a,20
720575940626663440,VM1,21
720575940626663440,VM4,6
720575940626668304,DL1,14
720575940626668304,DM3,27
720575940626668304,DP1m,30
720575940626668304,VL2p,27
720575940626669957,DM2,19
720575940626669957,DM4,20
720575940626669957,VA1d,30
720575940626669957,VA7l,30
720575940626676120,DM2,22
720575940626676120,DM6,40
720575940626676120,DP1m,20
720575940626676120,VA4,17
720575940626688893,DC2,14
720575940626688893,DP1m,13
720575940626688893,VA1v,6
720575940626688893,VM3,20
720575940626688893,VM7d,28
720575940626694479,D,14
720575940626694479,DL1,11
720575940626694479,DM2,15
720575940626694479,DM4,7
720575940626694479,DP1l,11
720575940626694479,VC3,11
720575940626694479,VM5d,22
720575940626700889,DL5,9
720575940626700889,DP1l,9
720575940626700889,DP1m,18
720575940626700889,VA1d,42
720575940626702232,DL1,38
720575940626702232,DM3,25
720575940626702232,DP1m,24
720575940626702232,VC3,20
720575940626729515,DC2,5
720575940626729515,DL1,9
720575940626729515,DL4,10
720575940626729515,DP1m,15
720575940626729515,VA1d,21
720575940626729515,VA7m,9
720575940626729515,VC2,20
720575940626729515,VP1d,11
720575940626733693,DL2v,9
720575940626733693,VA2,9
720575940626733693,VM5d,12
720575940626742866,DC1,73
720575940626742866,DM5,18
720575940626742866,VA4,8
720575940626758489,DA2,13
720575940626758489,DL1,36
720575940626758489,VL2p,17
720575940626779398,DL1,24
720575940626779398,DM1,10
720575940626779398,DP1m,6
720575940626779398,VA6,23
720575940626782507,DC1,13
720575940626782507,DP1m,5
720575940626782507,VA6,20
720575940626782507,VC4,15
720575940626782507,VC5,10
720575940626792209,DC3,16
720575940626792209,VA1d,21
720575940626792209,VA5,19
720575940626792209,VC5,14
720575940626792209,VM1,19
720575940626792778,DA4l,6
720575940626792778,DC1,17
720575940626792778,DP1m,13
720575940626792778,VA6,13
720575940626794027,DC1,6
720575940626794027,DM3,22
720575940626794027,DM5,9
720575940626794027,VA3,23
720575940626794027,VL2a,6
720575940626803279,DC1,21
720575940626803279,VA6,25
720575940626820395,DA4m,19
720575940626828574,DA1,6
720575940626828574,DC4,8
720575940626828574,DL5,10
720575940626828574,DM3,5
720575940626828574,VC1,9
720575940626834762,DA1,8
720575940626834762,DL2v,6
720575940626834762,DM6,5
720575940626834762,DP1m,15
720575940626834762,VM5d,7
720575940626843773,DA1,6
720575940626843773,DM1,25
720575940626843773,DP1m,8
720575940626843773,VA3,13
720575940626843773,VM2,9
720575940626855171,VC2,9
720575940626864414,DC3,20
720575940626864414,DL2d,12
720575940626864414,VA2,17
720575940626864414,VA6,15
720575940626864414,VM4,18
720575940626864414,VM5v,27
720575940626874097,DL2v,9
720575940626874097,VA7m,13
720575940626901278,V,9
720575940626901278,VM1,6
720575940626904561,DM6,12
720575940626904561,DP1m,15
720575940626904561,VM7d,14
720575940626906142,D,18
720575940626906142,DC1,6
720575940626906142,DC2,23
720575940626906142,VA5,9
720575940626906142,VM7d,16
720575940626911262,DL2v,8
720575940626911262,DM2,15
720575940626911262,DM3,8
720575940626911262,VA4,10
720575940626911262,VC2,15
720575940626911262,VC3,9
720575940626919409,DL2v,13
720575940626919409,DP1l,14
720575940626919409,DP1m,6
720575940626930947,DM1,11
720575940626930947,V,7
720575940626930947,VA2,7
720575940626930947,VA3,17
720575940626930947,VM5d,14
720575940626937347,DA1,16
720575940626937347,DC3,18
720575940626937347,VA1d,12
720575940626937347,VM1,16
720575940626948485,D,25
720575940626948485,VC3,11
720575940626975899,DM3,25
720575940626975899,V,21
720575940626975899,VA2,14
720575940626975899,VA3,28
720575940626975899,VA7m,20
720575940626991771,DA2,8
720575940626991771,DC3,12
720575940626991771,VC3,8
720575940626991771,VM5d,13
720575940627003547,D,12
720575940627003547,DC2,17
720575940627003547,DP1m,5
720575940627003547,V,5
720575940627003547,VA3,13
720575940627003547,VL2p,12
720575940627016859,DC1,9
720575940627016859,DC3,16
720575940627016859,VA3,6
720575940627016859,VA4,9
720575940627016859,VM5d,13
720575940627018383,DA1,10
720575940627018383,DA2,5
720575940627018383,VA7m,16
720575940627018383,VC4,12
720575940627020933,DM2,21
720575940627020933,DP1m,37
720575940627020933,VA1d,22
720575940627020933,VA2,16
720575940627021128,DP1m,22
720575940627021128,VA1d,18
720575940627021128,VC4,16
720575940627021128,VL2a,31
720575940627021128,VM5d,21
720575940627021128,VM7v,12
720575940627043666,DC1,6
720575940627043666,DM3,36
720575940627043666,VC3,29
720575940627045636,VA6,13
720575940627045636,VL2a,18
720575940627045636,VM2,12
720575940627045636,VM5d,6
720575940627045636,VM7v,19
720575940627069203,DC3,5
720575940627069203,DL1,19
720575940627069203,DL2v,7
720575940627069203,DM4,8
720575940627069203,VA1d,16
720575940627069203,VA7m,8
720575940627069203,VC3,20
720575940627077032,DC2,23
720575940627077032,DL5,14
720575940627077032,DM4,19
720575940627077032,VA7l,9
720575940627077032,VM1,28
720575940627077032,VM5v,17
720575940627081994,DM5,6
720575940627081994,VA3,6
720575940627081994,VC1,11
720575940627082261,DP1l,6
720575940627089930,DM1,13
720575940627094917,DA2,6
720575940627094917,DM5,6
720575940627094917,DP1m,12
720575940627094917,VA1v,17
720575940627094917,VA7m,10
720575940627094917,VC2,23
720575940627094917,VM4,10
720575940627097361,DM2,15
720575940627097361,DM5,12
720575940627097361,VA5,21
720575940627097361,VM7d,23
720575940627097733,VC3,6
720575940627112723,DC1,12
720575940627112723,DM3,13
720575940627112723,VM4,32
720575940627112723,VM7d,29
720575940627147578,DC3,8
720575940627147578,V,5
720575940627150090,DA4l,18
720575940627150090,DL2d,27
720575940627150090,DP1m,15
720575940627150090,VA3,13
720575940627150090,VA4,12
720575940627150090,VC5,26
720575940627150090,VL2a,17
720575940627155589,D,26
720575940627155589,VA1d,23
720575940627155589,VC2,18
720575940627155589,VL2a,26
720575940627155589,VL2p,14
720575940627164242,DA1,13
720575940627164242,DC3,10
720575940627164242,DM4,23
720575940627164242,DM5,8
720575940627165010,VC3,19
720575940627165010,VC4,16
720575940627165010,VL2p,8
720575940627165010,VM4,22
720575940627165010,VM5d,21
720575940627165010,VM5v,28
720575940627166522,D,19
720575940627166522,DC4,12
720575940627166522,DL4,9
720575940627166522,DM4,25
720575940627166522,VC1,12
720575940627170898,DA2,9
720575940627170898,DC3,16
720575940627170898,DP1l,9
720575940627170898,VM2,21
720575940627170898,VM3,20
720575940627185767,DM1,15
720575940627185767,DP1l,11
720575940627185767,DP1m,34
720575940627185767,VA7m,8
720575940627185767,VM2,8
720575940627194426,DL2d,16
720575940627194426,DM2,12
720575940627194426,DP1l,21
720575940627194426,VA4,17
720575940627205386,VA1d,29
720575940627205386,VA7m,13
720575940627205386,VL2a,22
720575940627210373,DA1,18
720575940627220327,DC1,6
720575940627220327,DL5,9
720575940627220327,VC2,5
720575940627220327,VC3,20
720575940627220327,VM4,14
720575940627220327,VM5d,5
720575940627230986,DA4m,17
720575940627230986,DC1,7
720575940627230986,VL2p,9
720575940627243623,DC1,21
720575940627243623,DL2v,23
720575940627243623,DP1l,14
720575940627244699,DM1,23
720575940627244699,DM3,25
720575940627244699,DP1m,24
720575940627244699,VA6,9
720575940627244699,VC1,20
720575940627244699,VM2,19
720575940627245701,DM3,13
720575940627245701,DM6,9
720575940627263162,DC3,25
720575940627263162,DM3,36
720575940627263162,DP1m,13
720575940627263162,VM3,10
720575940627263162,VM5d,28
720575940627264082,D,10
720575940627264082,DP1l,6
720575940627264082,DP1m,5
720575940627264082,VM5d,14
720575940627264488,DA1,13
720575940627264488,DC1,15
720575940627264488,DL2v,15
720575940627264488,VM5d,10
720575940627282002,DA2,9
720575940627282002,VA3,13
720575940627282002,VC3,20
720575940627282002,VC5,11
720575940627282002,VM7v,22
720575940627292218,DA1,19
720575940627292218,DC1,20
720575940627292218,DL5,19
720575940627292218,DM6,27
720575940627292218,DP1l,12
720575940627292218,VA1v,22
720575940627295802,DC4,8
720575940627295802,VM7v,7
720575940627307855,DC3,7
720575940627307855,DP1m,6
720575940627307855,VA3,11
720575940627307855,VC3,9
720575940627307855,VL2a,5
720575940627332100,DC1,15
720575940627332100,DM2,12
720575940627332100,DM4,7
720575940627332100,DP1m,15
720575940627332100,VA3,23
720575940627332100,VA4,7
720575940627336209,DL2v,25
720575940627336209,DM3,22
720575940627336209,DM4,20
720575940627336209,VA3,21
720575940627351751,DL1,23
720575940627351751,VA3,22
720575940627351751,VA6,11
720575940627367189,DA1,10
720575940627367189,DL5,11
720575940627367189,DP1m,13
720575940627367189,VA1d,18
720575940627426837,D,18
720575940627426837,DL5,24
720575940627426837,VL2a,23
720575940627450385,DC2,13
720575940627450385,DC3,5
720575940627450385,VA3,11
720575940627450385,VL2a,5
720575940627450385,VM1,13
720575940627479829,DA1,13
720575940627479829,DL2d,14
720575940627479829,DL5,8
720575940627479829,DP1l,8
720575940627479829,DP1m,14
720575940627479829,VA1d,18
720575940627480853,DC1,19
720575940627480853,VA1d,19
720575940627480853,VA1v,16
720575940627480853,VA7m,19
720575940627480853,VC1,9
720575940627480853,VM4,5
720575940627480853,VM7d,10
720575940627483413,DA4m,5
720575940627483413,DP1m,17
720575940627483413,VA1d,35
720575940627483413,VA1v,12
720575940627483413,VA3,15
720575940627493141,DA1,12
720575940627493141,DL2d,30
720575940627493141,DP1m,9
720575940627493141,VA7m,15
720575940627493141,VC5,15
720575940627493653,DL1,33
720575940627493653,VL2a,19
720575940627543624,DC2,16
720575940627543624,VA2,7
720575940627543624,VA7m,21
720575940627543624,VC5,18
720575940627543624,VM3,11
720575940627543624,VM7d,33
720575940627543695,DC2,17
720575940627543695,DL1,13
720575940627543695,VA5,5
720575940627550214,DC1,25
720575940627550214,DL2v,15
720575940627550214,VM5v,22
720575940627552168,DA1,12
720575940627552168,DL2v,15
720575940627552168,VA4,8
720575940627552168,VA6,28
720575940627552680,DM4,17
720575940627552680,DP1m,34
720575940627552680,VA7m,13
720575940627552680,VM3,16
720575940627558662,VA5,10
720575940627558662,VA6,9
720575940627558662,VA7l,7
720575940627558662,VL2a,11
720575940627561854,DA2,20
720575940627561854,VA2,11
720575940627561854,VA5,7
720575940627561854,VL2p,22
720575940627568646,DC3,35
720575940627568646,DL5,17
720575940627568646,VA3,10
720575940627568646,VC3,35
720575940627568646,VM4,11
720575940627568646,VM5d,20
720575940627573659,DA1,9
720575940627573659,DL1,8
720575940627573659,DM1,13
720575940627585286,DA4l,9
720575940627585286,DL2v,16
720575940627585286,VA7m,13
720575940627585286,VC2,7
720575940627585286,VM1,22
720575940627585286,VM5d,15
720575940627585286,VM7v,20
720575940627587078,DC1,20
720575940627587078,DM1,24
720575940627587078,DM4,13
720575940627587078,VA2,28
720575940627595848,DL1,13
720575940627595848,DL2d,18
720575940627595848,DL2v,16
720575940627595848,DM1,16
720575940627595848,VC2,17
720575940627595848,VL1,10
720575940627595848,VM4,14
720575940627615400,DM1,13
720575940627615400,DM4,29
720575940627615400,DP1l,31
720575940627615400,VA4,14
720575940627615400,VM3,23
720575940627621626,DA1,28
720575940627621626,DL3,8
720575940627621626,DM2,15
720575940627621626,DM5,14
720575940627621626,DM6,14
720575940627621626,VA3,10
720575940627621626,VC3,16
720575940627630154,DA1,19
720575940627630154,DM2,14
720575940627630154,VA1v,16
720575940627630154,VA3,15
720575940627630154,VA6,12
720575940627630154,VL2a,9
720575940627630154,VM4,13
720575940627687940,DM2,25
720575940627687940,VC4,19
720575940627687940,VM1,23
720575940627687940,VM2,20
720575940627687940,VM5d,5
720575940627700484,DA1,8
720575940627700484,DL2v,9
720575940627700484,DP1l,5
720575940627700484,DP1m,13
720575940627709948,DM3,16
720575940627709948,DP1m,9
720575940627709948,VA1d,19
720575940627709948,VA1v,21
720575940627741562,DC1,10
720575940627741562,DM2,20
720575940627741562,DP1m,16
720575940627741562,VM2,14
720575940627741562,VM7d,16
720575940627750647,DA1,26
720575940627750647,VA7l,15
720575940627750647,VC5,18
720575940627750647,VL2a,6
720575940627768567,DM1,15
720575940627768567,DM2,30
720575940627768567,VA4,22
720575940627775938,DL1,14
720575940627775938,DM2,6
720575940627775938,DM6,12
720575940627775938,VA3,22
720575940627775938,VC2,5
720575940627775938,VC3,23
720575940627776450,DM4,18
720575940627776450,DP1l,21
720575940627776450,VL2p,20
720575940627776450,VM7v,25
720575940627778564,D,7
720575940627778564,VC3,12
720575940627778564,VC5,12
720575940627778564,VL2p,14
720575940627778564,VM7d,14
720575940627782148,DL3,8
720575940627782148,DM2,15
720575940627782148,DM6,27
720575940627782148,VA1v,15
720575940627782148,VM5d,6
720575940627782148,VM5v,14
720575940627782148,VM7v,22
720575940627834359,DA1,20
720575940627834359,DM5,9
720575940627834359,VC5,17
720575940627834359,VM4,11
720575940627834359,VM5d,25
720575940627834359,VM5v,17
720575940627849463,DL2v,21
720575940627849463,DM6,15
720575940627849463,DP1m,20
720575940627849463,VA1d,34
720575940627851008,DL3,7
720575940627851008,DL5,11
720575940627851008,DP1m,11
720575940627851008,VC5,10
720575940627854568,DM5,12
720575940627854568,VC4,14
720575940627854568,VP1d,9
720575940627861736,DC1,21
720575940627861736,DM4,10
720575940627861736,DM6,17
720575940627861736,VA5,9
720575940627861736,VA7m,7
720575940627861736,VC1,13
720575940627908624,DC3,15
720575940627908624,DM3,18
720575940627908624,DP1m,40
720575940627908624,VA3,16
720575940627908624,VM5d,34
720575940627912492,DP1l,16
720575940627912492,VA7l,9
720575940627920071,DC1,11
720575940627920071,DL2v,11
720575940627920071,DM1,11
720575940627924935,DM4,5
720575940627931466,DC1,5
720575940627931466,DC2,21
720575940627931466,DM1,25
720575940627931466,VM2,11
720575940627964204,DA1,10
720575940627964204,DC1,18
720575940627964204,DP1l,14
720575940627964204,VA3,6
720575940627964204,VL2p,6
720575940627986220,DL5,16
720575940627986220,DM1,14
720575940627986220,DM2,26
720575940627986220,VM5d,16
720575940627987756,DM1,26
720575940627987756,DM3,26
720575940627987756,DM5,20
720575940628002822,VC1,7
720575940628012332,DL2d,5
720575940628012332,DL2v,5
720575940628012332,DM1,14
720575940628012332,DM2,8
720575940628012332,DM4,13
720575940628012332,VC2,19
720575940628054839,VC2,5
720575940628054839,VM5d,9
720575940628054839,VM7v,12
720575940628056375,DL2v,17
720575940628056375,DL3,17
720575940628056375,DL4,8
720575940628056375,DM6,26
720575940628056375,DP1m,22
720575940628056375,VA1v,6
720575940628056375,VC5,17
720575940628056375,VM5d,18
720575940628060166,DA1,23
720575940628060166,DC4,13
720575940628060166,DM2,18
720575940628060166,DM4,11
720575940628060166,VM5d,18
720575940628060934,DM6,23
720575940628060934,VA3,15
720575940628060934,VA7l,6
720575940628060934,VM5d,17
720575940628060934,VM5v,23
720575940628060983,DM2,7
720575940628060983,VA1v,16
720575940628060983,VC4,14
720575940628060983,VM2,18
720575940628060983,VM7v,5
720575940628071409,DL5,8
720575940628071409,VL2a,20
720575940628076038,DC1,10
720575940628076038,DL1,29
720575940628076038,VA7m,24
720575940628103806,DM6,12
720575940628103806,DP1l,17
720575940628120655,DM2,7
720575940628120655,DP1l,20
720575940628120655,DP1m,10
720575940628120655,VA4,29
720575940628121287,D,15
720575940628121287,DC4,51
720575940628121287,VM5d,12
720575940628121287,VM7v,20
720575940628128079,DC4,17
720575940628128079,DL2v,21
720575940628128079,VA1d,20
720575940628128079,VA3,10
720575940628128079,VA7m,19
720575940628128079,VM4,24
720575940628138246,DP1m,10
720575940628138246,VC2,12
720575940628147718,DA2,14
720575940628147718,DL2v,29
720575940628147718,VC1,27
720575940628147718,VC2,33
720575940628147718,VM1,35
720575940628152838,DA2,12
720575940628152838,DM1,22
720575940628152838,DM3,22
720575940628152838,VC4,12
720575940628163402,DA1,26
720575940628163402,VM4,26
720575940628175363,DC1,7
720575940628188732,DC1,13
720575940628188732,DL5,9
720575940628188732,VM4,7
720575940628201259,DA2,8
720575940628201259,DC1,7
720575940628201259,VC4,18
720575940628201259,VP1d,11
720575940628209212,DM1,21
720575940628209212,DM2,26
720575940628209212,DM5,22
720575940628209212,VC4,26
720575940628217643,DA4l,14
720575940628217643,VA2,31
720575940628217643,VA6,22
720575940628217643,VL2a,18
720575940628217643,VM5d,20
720575940628225852,DA1,17
720575940628225852,DC4,16
720575940628225852,VA5,8
720575940628239671,DL2d,35
720575940628239671,DM5,8
720575940628239671,VA6,23
720575940628239671,VL2p,10
720575940628239671,VM1,19
720575940628257914,V,9
720575940628269391,DA4l,10
720575940628269391,DC1,34
720575940628269391,VA5,21
720575940628269391,VA7l,7
720575940628269628,D,18
720575940628269628,DM2,5
720575940628269628,VA6,10
720575940628269628,VM3,5
720575940628291407,DC1,11
720575940628291407,DM2,35
720575940628291407,DM3,11
720575940628291407,DM4,11
720575940628291407,VA4,5
720575940628295242,DL5,20
720575940628295242,DM1,13
720575940628295242,DM4,9
720575940628295242,VA7m,12
720575940628295242,VM2,9
720575940628295242,VM5d,11
720575940628295242,VM7d,28
720575940628297627,DC1,5
720575940628297627,DC3,22
720575940628297627,DM2,14
720575940628297627,VA4,7
720575940628297627,VL2p,25
720575940628297627,VM3,8
720575940628300529,DL1,27
720575940628300529,DM4,5
720575940628300529,DM6,32
720575940628300529,VA1d,15
720575940628304578,DM1,23
720575940628304578,VA1d,27
720575940628304578,VA2,10
720575940628306075,DA1,5
720575940628306075,DC2,13
720575940628306075,DL2v,10
720575940628306075,VA3,13
720575940628306075,VA5,6
720575940628306075,VA7m,10
720575940628306075,VM3,14
720575940628309186,DM4,5
720575940628309186,DM6,15
720575940628309186,DP1m,6
720575940628309186,VA1v,19
720575940628309186,VA2,6
720575940628309186,VA7m,9
720575940628309186,VC2,6
720575940628309186,VM5d,16
720575940628312049,VP1d,10
720575940628331625,VM2,5
720575940628353244,DM6,29
720575940628353244,DP1l,20
720575940628353244,DP1m,22
720575940628353244,VA2,21
720575940628359895,DC1,15
720575940628359895,DL1,18
720575940628359895,DM1,12
720575940628359895,DM4,27
720575940628359895,DP1m,15
720575940628359895,VA2,26
720575940628359895,VA4,15
720575940628359895,VC5,20
720575940628365783,DC1,10
720575940628365783,DM5,9
720575940628365783,DM6,15
720575940628365783,DP1m,16
720575940628365783,VA5,8
720575940628365783,VM5d,14
720575940628367836,DP1m,5
720575940628374121,DC1,6
720575940628374121,VA3,20
720575940628374121,VA5,11
720575940628374121,VC1,16
720575940628374121,VM1,8
720575940628374121,VM5d,13
720575940628375255,D,7
720575940628375255,DA4l,6
720575940628375255,VA3,11
720575940628375255,VA7m,17
720575940628394716,DL5,17
720575940628394716,VA6,15
720575940628394716,VC5,14
720575940628398295,DC2,13
720575940628398295,DM4,18
720575940628398295,VA1v,14
720575940628404188,VM4,7
720575940628404188,VM5v,6
720575940628408055,DL2d,22
720575940628408055,VA5,13
720575940628408055,VA7m,12
720575940628408055,VC4,28
720575940628408055,VM7d,9
720575940628412892,DC3,8
720575940628414567,DC1,9
720575940628414567,DC3,23
720575940628414567,VA5,16
720575940628414567,VA7l,9
720575940628415079,DL5,16
720575940628415079,VA1v,21
720575940628415079,VA6,20
720575940628415079,VM4,7
720575940628433511,DM6,16
720575940628433511,DP1l,8
720575940628433511,VA2,16
720575940628433511,VA3,20
720575940628433511,VC2,10
720575940628433511,VC3,6
720575940628447491,DP1m,18
720575940628447491,VA3,24
720575940628447491,VA4,9
720575940628447491,VM5d,13
720575940628471392,DA1,18
720575940628471392,VA3,10
720575940628471392,VC5,5
720575940628471392,VM7v,9
720575940628476716,VL2p,21
720575940628491792,DL2d,16
720575940628491792,DM5,12
720575940628491792,DP1m,23
720575940628491792,VM1,23
720575940628491792,VM2,10
720575940628491792,VM3,9
720575940628491792,VM7d,9
720575940628506732,DC1,12
720575940628506732,DM5,14
720575940628506732,DP1m,9
720575940628506732,VA2,8
720575940628519020,DM1,24
720575940628519020,DM3,22
720575940628519020,DM4,18
720575940628531308,DL2d,15
720575940628531308,DM1,6
720575940628531308,DM4,12
720575940628531308,DM6,20
720575940628531308,DP1l,12
720575940628531308,VM1,13
720575940628533356,DC1,12
720575940628533356,DL5,12
720575940628533356,DM6,11
720575940628533356,VA7l,8
720575940628533356,VC3,14
720575940628533356,VM5d,11
720575940628538679,DC3,26
720575940628538679,V,9
720575940628538679,VA4,11
720575940628538679,VA6,11
720575940628538679,VM2,16
720575940628574715,DM2,10
720575940628574715,DM4,14
720575940628574715,VA7m,16
720575940628574715,VC2,22
720575940628590595,VA5,5
720575940628608272,VA1d,16
720575940628612112,DA4l,11
720575940628612112,DC2,23
720575940628612112,VL2p,10
720575940628612112,VM7d,14
720575940628640079,DA1,18
720575940628640079,DM1,12
720575940628640079,DM5,13
720575940628640079,DP1l,7
720575940628640079,DP1m,21
720575940628640079,VC3,10
720575940628651792,VL2a,8
720575940628685059,DA1,18
720575940628685059,DL2v,15
720575940628685059,DM4,10
720575940628685059,DM6,14
720575940628685059,VC4,8
720575940628685059,VM3,8
720575940628687259,DC1,11
720575940628687259,DC2,16
720575940628687259,VA1v,7
720575940628687259,VA3,15
720575940628687259,VA6,11
720575940628687259,VC5,9
720575940628689963,DM2,19
720575940628689963,VA3,18
720575940628689963,VA7m,12
720575940628694007,DA1,12
720575940628694007,DL2v,17
720575940628694007,DP1m,14
720575940628694007,VA5,13
720575940628694007,VM7v,21
720575940628695414,DM1,19
720575940628695414,DM2,32
720575940628695414,DM6,20
720575940628695414,VA1d,14
720575940628695414,VA2,15
720575940628697982,VA3,22
720575940628697982,VL2p,17
720575940628697982,VM2,23
720575940628711631,DA3,10
720575940628711631,DC1,14
720575940628711631,DM2,20
720575940628711631,VA1d,16
720575940628711631,VM2,18
720575940628714358,DC1,6
720575940628714358,DL1,5
720575940628714358,VC3,8
720575940628714358,VM5v,17
720575940628724284,DA4l,7
720575940628724284,DL1,7
720575940628724284,DL5,8
720575940628724284,DM6,15
720575940628724284,VA2,14
720575940628725455,DM6,18
720575940628725455,VA1v,17
720575940628725455,VA2,28
720575940628725455,VA6,31
720575940628725455,VA7l,14
720575940628725455,VM5d,7
720575940628735275,D,26
720575940628735275,DC2,17
720575940628735275,DL1,8
720575940628735275,DM6,25
720575940628735275,VM3,21
720575940628741881,DM3,5
720575940628741881,DP1l,16
720575940628741881,V,12
720575940628741881,VC5,12
720575940628761039,DM5,15
720575940628761039,VA3,19
720575940628761039,VA4,9
720575940628761039,VA6,14
720575940628761039,VM7v,26
720575940628773113,DM4,17
720575940628773113,VA4,16
720575940628773113,VC3,21
720575940628773113,VM7d,24
720575940628787962,DL1,30
720575940628787962,DP1l,15
720575940628787962,VC3,18
720575940628787962,VL2a,20
720575940628788496,V,8
720575940628788496,VM1,13
720575940628807503,DA2,6
720575940628807503,DC1,22
720575940628807503,DL3,7
720575940628807503,VA6,5
720575940628807503,VC2,9
720575940628826873,DL3,12
720575940628830551,DL1,15
720575940628830551,DM2,10
720575940628830551,DM3,15
720575940628830551,DM4,20
720575940628842839,DP1m,20
720575940628842839,VL2p,15
720575940628842839,VM1,14
720575940628868943,D,9
720575940628868943,DL5,16
720575940628868943,DM2,7
720575940628885591,DA4l,6
720575940628885591,DC3,14
720575940628885591,VL2a,10
720575940628885591,VM5v,18
720575940628887887,DL5,13
720575940628887887,VC1,17
720575940628887887,VC3,9
720575940628887887,VM7d,14
720575940628895831,DM2,10
720575940628895831,DP1l,10
720575940628895831,DP1m,16
720575940628895831,VA2,11
720575940628895831,VM2,13
720575940628975482,DP1m,7
720575940628975482,V,14
720575940628975482,VA7m,22
720575940628975482,VC2,30
720575940628983963,DA1,16
720575940628983963,DL1,15
720575940628983963,DM5,6
720575940628983963,VL2a,20
720575940628983963,VM4,17
720575940628999579,DP1m,10
720575940629010331,DM1,8
720575940629020794,DM6,12
720575940629020794,DP1l,20
720575940629020794,VA7m,28
720575940629022875,DA1,14
720575940629022875,DC3,15
720575940629022875,DC4,17
720575940629022875,DL2v,13
720575940629022875,DM5,20
720575940629022875,VA5,10
720575940629022875,VA7m,14
720575940629022875,VM7d,21
720575940629036997,VC1,10
720575940629036997,VM1,9
720575940629079707,DC4,17
720575940629079707,DP1m,18
720575940629079707,VA6,23
720575940629079707,VL2a,32
720575940629088450,DC2,11
720575940629088450,VA4,5
720575940629088450,VA6,18
720575940629088450,VM5v,27
720575940629108094,DL2d,17
720575940629108094,DL2v,14
720575940629108094,VA2,15
720575940629108094,VA5,11
720575940629108094,VA6,17
720575940629127109,VA2,20
720575940629127109,VM2,16
720575940629133056,DA1,20
720575940629133056,DA2,8
720575940629133056,DL2d,16
720575940629133056,DL2v,19
720575940629133056,DM6,18
720575940629133056,VM7v,8
720575940629140071,DL2v,25
720575940629140071,DM2,7
720575940629140071,DM3,16
720575940629140071,DM5,18
720575940629140071,VA4,25
720575940629162693,DA1,20
720575940629162693,DC3,5
720575940629162693,VC3,11
720575940629162693,VC4,20
720575940629162693,VC5,19
720575940629164283,VA6,9
720575940629164283,VA7m,13
720575940629166587,DA4l,5
720575940629166587,DM4,6
720575940629166587,DM5,9
720575940629166587,VA1v,13
720575940629166587,VA7m,12
720575940629166587,VM7d,24
720575940629166592,DC1,17
720575940629166592,DC2,15
720575940629166592,DM6,18
720575940629166592,VA6,7
720575940629166592,VM5d,13
720575940629201423,DM1,9
720575940629201423,DM2,15
720575940629201423,DM3,22
720575940629201423,V,19
720575940629201423,VC3,9
720575940629201423,VM3,15
720575940629202167,DC1,19
720575940629202167,VA4,18
720575940629202167,VA7m,13
720575940629202167,VM3,17
720575940629211666,DL3,8
720575940629211666,DM1,18
720575940629211666,DM2,29
720575940629211666,DM5,6
720575940629211666,VC3,19
720575940629222759,DC3,39
720575940629222759,DM5,8
720575940629222759,VA2,22
720575940629222759,VA4,11
720575940629222759,VC3,13
720575940629222759,VL2p,24
720575940629233145,DL1,25
720575940629236242,DM2,33
720575940629236242,DM3,35
720575940629236242,VM2,32
720575940629240079,DM2,30
720575940629240079,DM3,18
720575940629240079,DP1m,26
720575940629240079,VA2,30
720575940629240079,VM2,11
720575940629259638,DC1,6
720575940629259638,DC2,18
720575940629259638,DP1m,12
720575940629270060,DM1,14
720575940629270060,VA2,16
720575940629271596,DP1m,22
720575940629271596,VA2,25
720575940629271596,VA5,16
720575940629271596,VM5d,17
720575940629277687,DC2,11
720575940629277687,DM4,26
720575940629277687,VC2,22
720575940629277687,VC4,21
720575940629277687,VL2p,6
720575940629294636,DC2,23
720575940629294636,DC4,8
720575940629294636,VA4,14
720575940629294636,VA6,21
720575940629294636,VC5,14
720575940629294636,VM7v,18
720575940629300043,DC1,13
720575940629300043,DC3,21
720575940629300043,DM1,28
720575940629300043,DP1l,9
720575940629300043,VA1d,34
720575940629300043,VA3,22
720575940629300043,VA7m,10
720575940629300043,VL2a,19
720575940629318394,DA1,13
720575940629318394,DM5,10
720575940629318394,DP1m,8
720575940629328591,VA1v,6
720575940629332606,DA4l,17
720575940629332606,DC3,7
720575940629332606,DM1,10
720575940629332606,DP1l,13
720575940629332606,VM4,10
720575940629332606,VP1d,5
720575940629335115,DL2d,21
720575940629335115,DL2v,24
720575940629335115,DP1m,23
720575940629335115,VM5d,28
720575940629347791,DC1,5
720575940629347791,DP1l,17
720575940629347791,VA7m,7
720575940629365804,V,13
720575940629365804,VA2,11
720575940629365804,VA4,11
720575940629365804,VC1,12
720575940629365804,VC2,32
720575940629365804,VM7d,25
720575940629397079,DC4,15
720575940629406012,DC1,7
720575940629406012,DC4,19
720575940629406012,DP1l,13
720575940629406012,VA3,23
720575940629406012,VM2,22
720575940629406012,VM5d,5
720575940629417728,DA4l,21
720575940629417728,DM1,30
720575940629417728,VA2,29
720575940629417728,VM3,24
720575940629474090,D,27
720575940629474090,DM6,13
720575940629474090,VA3,11
720575940629474090,VA6,5
720575940629474090,VL2p,10
720575940629477674,DA1,16
720575940629477674,DP1m,18
720575940629477674,VA1d,20
720575940629477674,VA4,8
720575940629477674,VL2a,17
720575940629485354,DA1,13
720575940629485354,DC4,5
720575940629485354,DL2v,8
720575940629485354,DM1,7
720575940629485354,DM4,7
720575940629498306,DA1,20
720575940629498306,DL1,19
720575940629498306,VA2,16
720575940629498306,VM5v,19
720575940629500542,DM3,23
720575940629500542,DM4,5
720575940629500542,VA3,16
720575940629500542,VC3,17
720575940629500542,VM1,17
720575940629500542,VM3,22
720575940629502506,DM1,23
720575940629502506,DM2,32
720575940629502506,VA2,8
720575940629502506,VA7m,12
720575940629504554,DM1,13
720575940629507450,VA1d,10
720575940629507450,VA5,22
720575940629507450,VC2,14
720575940629507450,VL2p,11
720575940629507450,VM1,35
720575940629515306,DC3,16
720575940629515306,DC4,15
720575940629515306,DM6,27
720575940629515306,DP1m,22
720575940629515306,VA2,11
720575940629522474,DM4,34
720575940629522474,DP1l,31
720575940629522474,DP1m,30
720575940629522474,VC5,12
720575940629532098,DC3,16
720575940629532098,VA6,15
720575940629532098,VC2,13
720575940629532098,VL2p,6
720575940629536894,DA1,30
720575940629536894,DC1,18
720575940629541187,DL1,5
720575940629541187,DL2v,7
720575940629541187,DL5,5
720575940629545027,DC1,6
720575940629545027,DM2,21
720575940629545027,VA4,5
720575940629545027,VM5d,19
720575940629563006,DA1,21
720575940629563006,DL1,19
720575940629563006,DL5,15
720575940629563006,VA1v,15
720575940629563006,VA3,15
720575940629563006,VM3,5
720575940629624702,DC4,10
720575940629624702,DL5,18
720575940629624702,VA7m,9
720575940629625466,DC1,21
720575940629625466,DC3,22
720575940629625466,DL3,18
720575940629625466,DM1,28
720575940629625466,DP1m,34
720575940629632894,DA4l,12
720575940629632894,DM4,8
720575940629632894,VA7l,24
720575940629632894,VC3,13
720575940629632894,VM4,15
720575940629633150,DC4,15
720575940629633150,DL1,21
720575940629633150,DM4,14
720575940629633150,VA1d,33
720575940629633150,VA2,13
720575940629633150,VC5,23
720575940629638211,D,20
720575940629638211,DA1,5
720575940629638211,DC2,21
720575940629638211,VL2p,14
720575940629644666,VP1d,15
720575940629671235,DC4,21
720575940629671235,DL2v,6
720575940629671235,VC4,8
720575940629671235,VL2a,14
720575940629671235,VM7v,26
720575940629671491,DM3,7
720575940629671491,VM5d,9
720575940629693239,D,8
720575940629693239,DP1m,14
720575940629693239,VA6,13
720575940629725711,DM1,20
720575940629725711,DM4,15
720575940629725711,DM5,5
720575940629725711,VA1d,17
720575940629725711,VA4,11
720575940629730263,DA1,20
720575940629730263,DL2v,14
720575940629730263,VA1d,29
720575940629730263,VA3,23
720575940629730263,VA7m,12
720575940629730263,VC3,11
720575940629733314,DM1,13
720575940629733314,DM5,5
720575940629733314,VA4,12
720575940629733314,VC2,12
720575940629733314,VC3,7
720575940629733314,VM3,25
720575940629765647,DA4l,19
720575940629765647,V,11
720575940629782091,DL2d,23
720575940629782091,VA6,26
720575940629782091,VC3,21
720575940629782091,VC4,18
720575940629788012,DA4l,8
720575940629788012,DM4,15
720575940629788012,DM5,14
720575940629788012,VA6,16
720575940629788012,VM5d,13
720575940629788983,V,19
720575940629789292,DC2,18
720575940629789292,DC3,24
720575940629789292,VC5,14
720575940629792620,D,6
720575940629792620,DA2,8
720575940629792620,DC2,8
720575940629792620,DC3,12
720575940629792620,DM2,7
720575940629792620,DM5,12
720575940629792620,DP1m,11
720575940629792620,VM5d,8
720575940629792620,VM5v,8
720575940629804544,D,17
720575940629804544,DA4m,16
720575940629804544,DP1l,11
720575940629804544,VA1v,17
720575940629804544,VM7d,28
720575940629804857,DM1,33
720575940629804857,DM2,18
720575940629804857,DM3,19
720575940629804857,VA2,14
720575940629804857,VL2a,26
720575940629814060,DL2v,14
720575940629814060,DM1,37
720575940629814060,DP1l,18
720575940629823563,VA1d,15
720575940629824828,DA4l,17
720575940629824828,DL2d,35
720575940629824828,DM3,26
720575940629824828,DP1m,14
720575940629824828,VA6,23
720575940629824828,VC3,26
720575940629834796,DC2,17
720575940629834796,DM2,26
720575940629834796,DM6,28
720575940629834796,VC3,35
720575940629839863,DC3,19
720575940629839863,VP1d,5
720575940629849196,DA1,15
720575940629849196,DL1,23
720575940629849196,DL2d,13
720575940629849196,VA1d,37
720575940629849196,VC2,15
720575940629854764,D,12
720575940629854764,DC1,8
720575940629854764,DM3,7
720575940629854764,VL1,16
720575940629855340,DM5,20
720575940629855340,VC2,5
720575940629855340,VC3,8
720575940629855340,VL1,12
720575940629855340,VM5d,35
720575940629855340,VM7d,25
720575940629855596,VA1d,38
720575940629855596,VA6,23
720575940629855596,VC2,17
720575940629863737,DC2,12
720575940629863737,DL1,20
720575940629863737,DP1m,6
720575940629863737,VM5v,9
720575940629895484,VA2,5
720575940629895484,VM5d,13
720575940629909804,DC3,19
720575940629909804,DL4,10
720575940629909804,DM2,12
720575940629909804,DM6,22
720575940629909804,VA1v,7
720575940629909804,VA5,6
720575940629909804,VA7l,7
720575940629909804,VC5,14
720575940629909804,VL2p,5
720575940629917228,DA4m,22
720575940629917228,VA1d,15
720575940629917228,VA6,7
720575940629917228,VM1,27
720575940629917228,VM4,13
720575940629917228,VP1d,6
720575940629917482,DA2,7
720575940629917482,DA4m,11
720575940629917482,DC1,7
720575940629917482,DP1m,7
720575940629917482,VL2p,14
720575940629917482,VM4,11
720575940629921398,D,20
720575940629921398,DA1,9
720575940629921398,DP1l,9
720575940629921398,VA5,15
720575940629921398,VC5,11
720575940629921654,DA2,7
720575940629921654,DA4l,9
720575940629921654,DL2d,11
720575940629921654,DL2v,22
720575940629921654,DL5,22
720575940629921654,VA5,14
720575940629921654,VA7m,12
720575940629922166,DA1,7
720575940629922166,DL1,27
720575940629922166,VA1d,16
720575940629922166,VA1v,10
720575940629922166,VA7l,6
720575940629942844,DC1,22
720575940629942844,DP1m,16
720575940629942844,VA3,13
720575940629942844,VA4,6
720575940629942844,VM5d,23
720575940629949751,DL2v,47
720575940629949751,DM3,21
720575940629949751,V,26
720575940629949751,VL2p,23
720575940629951292,D,21
720575940629951292,DM1,17
720575940629951292,DM3,11
720575940629951292,DP1l,18
720575940629951292,VA2,17
720575940629967756,DA2,5
720575940629967756,VA1d,18
720575940629971191,DA4l,11
720575940629971191,DL2v,14
720575940629971191,DM4,11
720575940629971191,VA1v,26
720575940629971191,VL2a,20
720575940629973753,DM1,18
720575940629973753,DM4,5
720575940629973753,V,8
720575940629978666,VA2,13
720575940629978666,VM1,24
720575940629978666,VM2,38
720575940629978666,VM7d,26
720575940629997561,DC1,19
720575940629997561,DM1,22
720575940629997561,DM3,13
720575940629997561,DM5,9
720575940629997561,VA4,32
720575940630025788,DM1,15
720575940630025788,DM4,27
720575940630025788,DM6,21
720575940630025788,VC1,23
720575940630026600,DA4l,7
720575940630026600,DC2,19
720575940630026600,DL4,31
720575940630026600,DM4,7
720575940630026600,VA3,15
720575940630026600,VA7m,21
720575940630026856,DM2,26
720575940630026856,DM4,16
720575940630026856,VC3,14
720575940630026856,VC4,21
720575940630038156,DA1,9
720575940630038156,DC3,10
720575940630038156,VA6,16
720575940630038156,VC3,8
720575940630038156,VC4,11
720575940630038156,VM5d,5
720575940630039547,DA1,12
720575940630039547,DC1,22
720575940630039547,DC4,25
720575940630039547,DM5,7
720575940630039547,VA2,13
720575940630039547,VM5d,16
720575940630047080,DA1,12
720575940630047080,DA2,11
720575940630047080,DC3,14
720575940630047080,DL2v,12
720575940630047080,VA6,13
720575940630047080,VC3,15
720575940630063671,D,13
720575940630063671,DC2,15
720575940630063671,VC4,11
720575940630063671,VL2p,24
720575940630063676,DA1,26
720575940630063676,DP1l,29
720575940630063676,VA4,15
720575940630063676,VM3,15
720575940630067255,DL1,10
720575940630067255,DP1l,9
720575940630067816,DM1,19
720575940630067816,DM2,17
720575940630067816,DM4,15
720575940630067816,VC3,22
720575940630067816,VC4,18
720575940630067816,VM3,16
720575940630067816,VM7d,17
720575940630078348,D,22
720575940630078348,DL2d,36
720575940630078348,VM7d,28
720575940630109756,DC3,27
720575940630109756,DL1,13
720575940630109756,VC1,17
720575940630109756,VC3,5
720575940630109756,VM5d,13
720575940630114108,DA1,25
720575940630114108,DL2v,11
720575940630114108,VA2,11
720575940630114108,VL2a,12
720575940630114108,VM5d,18
720575940630139599,DM6,15
720575940630139599,VM5d,6
720575940630139599,VM5v,6
720575940630146135,DM5,17
720575940630146135,VA1d,22
720575940630146135,VA6,17
720575940630146135,VM4,11
720575940630159939,DM4,5
720575940630176047,DC1,11
720575940630176047,DC4,20
720575940630176047,DL2d,24
720575940630176047,VA3,15
720575940630176047,VL2p,7
720575940630179159,DC1,6
720575940630179159,VC3,8
720575940630179159,VM2,13
720575940630179159,VM5v,15
720575940630180935,DL2d,12
720575940630180935,DM2,6
720575940630180935,DP1l,18
720575940630180935,DP1m,16
720575940630219055,DL1,30
720575940630219055,DP1m,22
720575940630219055,VA1d,36
720575940630219055,VA3,9
720575940630219055,VC3,15
720575940630219055,VM3,12
720575940630219055,VM5d,6
720575940630219567,DC1,21
720575940630219567,DM3,13
720575940630219567,VA3,36
720575940630219567,VA7m,5
720575940630219567,VM2,22
720575940630219567,VM4,22
720575940630222895,DC1,9
720575940630222895,DP1m,10
720575940630222895,V,15
720575940630222895,VA3,9
720575940630228271,DM3,9
720575940630228271,VA1d,12
720575940630228271,VC3,19
720575940630228271,VM3,9
720575940630250543,DC3,13
720575940630250543,DP1m,16
720575940630250543,VA4,17
720575940630250543,VA6,6
720575940630250543,VC3,20
720575940630265952,DA1,7
720575940630265952,DM3,10
720575940630265952,DP1m,19
720575940630265952,VA1d,19
720575940630265952,VA1v,6
720575940630265952,VA2,9
720575940630265952,VA3,10
720575940630265952,VC5,35
720575940630269404,VA3,22
720575940630269404,VC3,10
720575940630269404,VM4,13
720575940630269660,DM2,21
720575940630269660,DM3,13
720575940630269660,DM4,11
720575940630269660,V,9
720575940630269660,VM2,14
720575940630296913,DC1,9
720575940630296913,VC3,10
720575940630296913,VM5d,29
720575940630300613,DC1,11
720575940630300613,DM4,10
720575940630300613,VA5,8
720575940630312785,DA1,26
720575940630312785,DM4,20
720575940630312785,VC1,8
720575940630312785,VC2,17
720575940630312785,VM5v,23
720575940630332753,D,21
720575940630332753,DC4,11
720575940630332753,DL2d,5
720575940630332753,VA1v,12
720575940630332753,VA2,5
720575940630332753,VA6,9
720575940630332753,VM5v,6
720575940630332753,VM7v,12
720575940630351903,DM5,20
720575940630351903,VA6,30
720575940630351903,VL2p,11
720575940630351903,VM2,30
720575940630360377,DL1,17
720575940630360377,V,12
720575940630360377,VA4,10
720575940630360377,VA7l,9
720575940630360377,VC4,9
720575940630385403,VA7m,10
720575940630385403,VM7d,8
720575940630385403,VM7v,6
720575940630399995,DL1,15
720575940630399995,VA3,6
720575940630399995,VA6,9
720575940630399995,VA7l,7
720575940630411259,DP1l,10
720575940630411259,DP1m,10
720575940630411259,VM5d,8
720575940630411535,DA1,19
720575940630411535,VL2a,12
720575940630413087,DL1,11
720575940630413087,DP1m,8
720575940630413087,VM4,15
720575940630413087,VM5v,18
720575940630414700,DA1,9
720575940630414700,DC1,15
720575940630414700,DM4,10
720575940630414700,DM5,9
720575940630414700,VA1v,14
720575940630414700,VC4,5
720575940630415268,DM1,22
720575940630415268,DM2,18
720575940630415268,DM3,20
720575940630415268,DM4,14
720575940630415268,DM5,17
720575940630415268,DP1l,14
720575940630419364,DL2v,12
720575940630419364,DM2,27
720575940630419364,DM4,25
720575940630419364,DP1m,32
720575940630419364,VC1,15
720575940630420985,DA1,16
720575940630420985,DA4l,5
720575940630420985,DC3,8
720575940630420985,DL4,5
720575940630420985,VA5,5
720575940630420985,VA6,11
720575940630425119,DL2v,8
720575940630425119,VA6,9
720575940630425119,VC3,8
720575940630425119,VL2p,12
720575940630430495,DC2,10
720575940630430495,DP1l,8
720575940630430495,V,8
720575940630430495,VA5,10
720575940630432932,DL5,15
720575940630432932,DM4,15
720575940630432932,DM6,13
720575940630432932,VA1v,10
720575940630436603,DA1,13
720575940630436603,VA1d,18
720575940630436603,VC5,32
720575940630436603,VM5v,13
720575940630436603,VM7d,13
720575940630443791,DL1,15
720575940630443791,DP1m,9
720575940630443791,VA6,13
720575940630443791,VC5,27
720575940630450852,DL5,11
720575940630450852,VL2p,6
720575940630452388,DL1,9
720575940630452388,DL3,7
720575940630452388,DM1,25
720575940630452388,DM2,8
720575940630452388,VA2,30
720575940630452388,VC4,22
720575940630456996,DM1,7
720575940630456996,DM2,9
720575940630456996,DP1l,10
720575940630456996,VA4,6
720575940630456996,VA7l,15
720575940630456996,VA7m,16
720575940630456996,VC3,10
720575940630471695,VA5,13
720575940630471695,VA7l,18
720575940630471695,VA7m,27
720575940630471695,VC4,31
720575940630471695,VM4,39
720575940630475513,DA4l,7
720575940630475513,DC1,16
720575940630475513,V,18
720575940630475513,VA6,11
720575940630475513,VL1,19
720575940630475513,VP1d,26
720575940630477305,DM1,20
720575940630477305,VA7m,6
720575940630477305,VL2a,7
720575940630496118,DM4,6
720575940630496118,VA1d,24
720575940630496118,VC5,12
720575940630525967,D,11
720575940630525967,DC3,11
720575940630525967,DL2d,18
720575940630525967,VA1d,5
720575940630525967,VA3,5
720575940630525967,VA6,6
720575940630525967,VL2a,16
720575940630537676,DC1,15
720575940630537676,DM5,18
720575940630537676,DP1m,24
720575940630537676,VA2,16
720575940630537676,VA4,28
720575940630537676,VM3,19
720575940630547916,DM1,30
720575940630547916,DM2,30
720575940630547916,DM5,12
720575940630547916,VA4,19
720575940630555340,DP1m,16
720575940630555340,V,15
720575940630555340,VA2,13
720575940630560505,DM4,16
720575940630560505,VA7m,15
720575940630560505,VC4,8
720575940630560505,VL2p,11
720575940630560505,VM7d,15
720575940630561484,DP1m,14
720575940630561484,VM5d,17
720575940630571980,DA1,12
720575940630571980,DP1m,15
720575940630571980,VA2,6
720575940630571980,VM5d,12
720575940630573260,DA1,8
720575940630573260,DC1,8
720575940630573260,DL1,21
720575940630573260,VA2,6
720575940630573260,VA6,20
720575940630592460,DM4,14
720575940630592460,DP1l,24
720575940630592460,VA2,11
720575940630592460,VA3,17
720575940630592460,VA7l,16
720575940630592460,VM3,14
720575940630598395,VA1d,30
720575940630598395,VA5,12
720575940630598395,VA6,11
720575940630598395,VC5,15
720575940630612620,DM1,27
720575940630612620,DM2,32
720575940630612620,DM3,19
720575940630612620,DM4,14
720575940630613835,VC1,14
720575940630613835,VL2p,6
720575940630613835,VM5d,40
720575940630620747,DC2,23
720575940630620747,VA6,20
720575940630620747,VC3,8
720575940630650711,DC2,28
720575940630650711,DL1,15
720575940630650711,VL2p,14
720575940630650711,VM4,18
720575940630651223,DC1,5
720575940630651223,DM1,16
720575940630651223,VC2,10
720575940630651223,VM5d,5
720575940630671890,D,28
720575940630671890,DC1,11
720575940630675730,DM3,7
720575940630675730,DM5,10
720575940630675730,VA2,14
720575940630675730,VA4,10
720575940630679895,DM4,7
720575940630679895,DP1l,11
720575940630679895,VA7m,22
720575940630679895,VM2,16
720575940630679895,VM7v,9
720575940630687827,DL2d,20
720575940630687827,DM4,11
720575940630687827,DM5,13
720575940630687827,DP1l,25
720575940630687827,VM2,23
720575940630722757,DC2,8
720575940630722757,DL2d,9
720575940630733137,VA3,37
720575940630733137,VC3,23
720575940630733137,VM5d,29
720575940630733137,VM5v,14
720575940630751535,DA2,7
720575940630751535,DA4l,33
720575940630759507,DC1,21
720575940630759507,DM5,7
720575940630759507,VA1d,29
720575940630759507,VA1v,13
720575940630759507,VM1,12
720575940630764741,DA1,23
720575940630764741,DM1,38
720575940630764741,DP1m,23
720575940630764741,VA6,14
720575940630780755,DA1,8
720575940630780755,DL2v,32
720575940630780755,DL4,16
720575940630780755,VA1d,35
720575940630780755,VA3,14
720575940630853948,DM2,14
720575940630868013,DL5,23
720575940630868013,VM1,16
720575940630868013,VM5v,20
720575940630868525,DA4m,9
720575940630868525,DM1,6
720575940630878253,DM1,15
720575940630878253,DP1m,30
720575940630878253,VL2a,22
720575940630878253,VL2p,13
720575940630879533,DA1,12
720575940630879533,DC1,9
720575940630879533,DM2,6
720575940630879533,VC3,14
720575940630881989,DL2v,7
720575940630881989,DM1,18
720575940630881989,DM3,7
720575940630881989,DM4,9
720575940630881989,VA1d,6
720575940630881989,VM3,9
720575940630902083,DC2,15
720575940630902083,DL5,16
720575940630902083,V,9
720575940630902083,VA3,21
720575940630902083,VC1,12
720575940630906029,DM1,30
720575940630906029,DM2,32
720575940630906029,VA3,26
720575940630906029,VM2,18
720575940630906655,DL1,43
720575940630906655,VA1v,32
720575940630906655,VC5,22
720575940630917293,DM2,12
720575940630917293,DM5,9
720575940630917293,DP1l,9
720575940630917293,DP1m,45
720575940630917293,VA5,9
720575940630935570,DM3,21
720575940630935570,VA3,19
720575940630935570,VM3,8
720575940630935570,VM5d,16
720575940630935570,VM7v,26
720575940630947395,DM2,12
720575940630947395,DP1l,18
720575940630947395,VA2,10
720575940630947395,VC2,26
720575940630966840,DL1,18
720575940630966840,VA1d,19
720575940630966840,VC2,22
720575940630969555,DM4,19
720575940630969555,DM5,15
720575940630969555,V,15
720575940630969555,VA2,25
720575940630969555,VA4,17
720575940631002386,D,26
720575940631002386,DC3,35
720575940631002386,DC4,11
720575940631002386,DP1l,25
720575940631002386,VA7l,10
720575940631017932,DC1,9
720575940631017932,DC2,24
720575940631017932,VC3,10
720575940631019468,DP1m,7
720575940631024682,D,25
720575940631024682,VA3,14
720575940631024682,VA6,27
720575940631024682,VL2p,5
720575940631024682,VM5d,19
720575940631024911,VA3,7
720575940631024911,VA7m,9
720575940631024911,VC2,13
720575940631024911,VC3,14
720575940631024911,VC4,12
720575940631024911,VL2p,7
720575940631035154,VC3,11
720575940631035154,VM3,5
720575940631035154,VM5d,11
720575940631048267,DL1,18
720575940631048267,VA1v,25
720575940631048267,VC4,17
720575940631048267,VL1,23
720575940631048267,VL2p,20
720575940631048267,VM1,30
720575940631054540,DM1,36
720575940631054540,DM3,5
720575940631054540,VC2,17
720575940631054540,VC3,18
720575940631054540,VM3,8
720575940631062603,DL2v,15
720575940631062603,DM1,36
720575940631062603,DM6,16
720575940631062603,VA1v,13
720575940631062603,VM1,21
720575940631088402,DC1,20
720575940631088402,DP1m,5
720575940631088402,VC3,30
720575940631088402,VM3,6
720575940631088402,VM5v,8
720575940631089935,DC1,18
720575940631089935,DM4,13
720575940631089935,DP1m,9
720575940631089935,VM3,14
720575940631089935,VM5v,21
720575940631143383,VM4,9
720575940631177035,DA4l,11
720575940631177035,DC1,17
720575940631177035,DM5,9
720575940631177035,DP1m,25
720575940631177035,VA4,18
720575940631177035,VA7m,13
720575940631216682,DC2,11
720575940631216682,DL1,18
720575940631216682,DL3,9
720575940631216682,DM1,8
720575940631216682,DM4,23
720575940631216682,VC2,12
720575940631216682,VC3,12
720575940631237433,DP1l,6
720575940631237433,VA5,6
720575940631237433,VM5d,5
720575940631256168,DP1l,20
720575940631256168,VA5,14
720575940631256168,VA7m,16
720575940631256168,VC1,27
720575940631256168,VM3,20
720575940631284012,DM1,36
720575940631284012,DP1l,21
720575940631284012,VA2,12
720575940631336930,DA4l,15
720575940631336930,DM6,38
720575940631336930,VA1v,14
720575940631336930,VA2,9
720575940631336930,VA7m,13
720575940631336930,VC5,9
720575940631342476,DA4l,11
720575940631342476,DM1,25
720575940631342476,DM4,15
720575940631342476,VA5,19
720575940631342476,VM5d,7
720575940631351619,DC1,7
720575940631388231,VA1d,25
720575940631388231,VC1,10
720575940631388231,VC3,9
720575940631399978,DM1,7
720575940631399978,DM5,5
720575940631406547,DA1,10
720575940631406547,DM2,7
720575940631406547,VA6,10
720575940631406547,VL2a,11
720575940631408199,DM1,16
720575940631408199,DM6,5
720575940631408199,VA1v,9
720575940631408199,VC1,10
720575940631408199,VC3,10
720575940631408199,VL2p,15
720575940631408610,DM4,13
720575940631408610,DP1m,21
720575940631408610,VC3,7
720575940631408610,VM3,18
720575940631425235,VA2,28
720575940631425235,VC3,17
720575940631425235,VC4,19
720575940631425235,VM2,19
720575940631425235,VM5v,23
720575940631432403,VA2,16
720575940631434722,DL1,25
720575940631434722,DM1,25
720575940631434722,VL2a,8
720575940631447363,VC3,11
720575940631447363,VM2,11
720575940631447363,VM5d,7
720575940631447363,VM7d,11
720575940631453763,DA1,27
720575940631453763,VC3,6
720575940631453763,VC5,21
720575940631453763,VM5d,26
720575940631453922,DA3,24
720575940631453922,DM3,27
720575940631458371,DC1,17
720575940631458371,DL5,15
720575940631458371,V,16
720575940631458371,VA3,10
720575940631458371,VC2,10
720575940631498819,VL1,13
720575940631498819,VM7d,7
720575940631502509,DC4,20
720575940631502509,VA3,22
720575940631531055,DC2,27
720575940631531055,DL4,12
720575940631531055,DP1m,20
720575940631531055,VA7l,17
720575940631531055,VL2p,15
720575940631531055,VM5d,7
720575940631549743,VM1,20
720575940631549743,VM5v,6
720575940631553164,DL1,29
720575940631553164,DM1,37
720575940631553164,VA2,24
720575940631573039,DC2,14
720575940631573039,DM4,12
720575940631573039,VA5,12
720575940631573039,VL2a,16
720575940631573039,VM7d,19
720575940631573039,VM7v,13
720575940631575599,DA1,15
720575940631575599,V,14
720575940631575599,VA2,15
720575940631575599,VA4,11
720575940631575599,VC2,28
720575940631589689,DC2,16
720575940631589689,VL2a,7
720575940631594809,DA1,15
720575940631594809,DC3,24
720575940631594809,DL2v,15
720575940631594809,DP1m,10
720575940631594809,VA4,14
720575940631603768,VC5,20
720575940631603768,VL2a,25
720575940631603768,VM7d,24
720575940631620921,DL2d,7
720575940631620921,V,13
720575940631621689,DA1,24
720575940631621689,VA5,10
720575940631621689,VM1,33
720575940631624673,VA2,49
720575940631624673,VC3,11
720575940631624673,VM5v,6
720575940631624761,DC3,13
720575940631624761,DL1,13
720575940631624761,VM4,10
720575940631624761,VM5v,14
720575940631625272,DA1,21
720575940631625272,DM4,8
720575940631625272,DM6,10
720575940631625272,VC4,13
720575940631625272,VM3,7
720575940631625272,VM5d,20
720575940631630561,DM4,12
720575940631630561,DM5,10
720575940631630561,DP1m,6
720575940631630561,V,7
720575940631630561,VA2,12
720575940631630561,VC5,5
720575940631630561,VM2,18
720575940631630561,VM5d,9
720575940631647043,DA4m,15
720575940631647043,DM1,18
720575940631647043,VA1v,7
720575940631647043,VA5,8
720575940631647043,VL1,11
720575940631647043,VL2p,7
720575940631661281,DA4l,8
720575940631661281,DC1,16
720575940631667937,DA3,11
720575940631667937,DL2d,14
720575940631667937,VM1,24
720575940631667937,VM3,23
720575940631678689,DM1,19
720575940631678689,DM6,12
720575940631678689,DP1m,12
720575940631678689,VA2,15
720575940631678689,VM3,8
720575940631686308,VA1d,13
720575940631686308,VC4,20
720575940631694137,DL1,6
720575940631694137,VA3,5
720575940631694137,VM5v,7
720575940631731620,D,15
720575940631731620,DC3,20
720575940631731620,VM5d,12
720575940631754527,DP1l,9
720575940631754527,VM1,25
720575940631754527,VM3,10
720575940631756136,DA2,27
720575940631756136,DC3,33
720575940631756136,VA7l,11
720575940631756136,VM5v,18
720575940631756136,VP1d,14
720575940631759161,DM4,13
720575940631759161,DM6,23
720575940631759161,DP1m,20
720575940631759161,VC2,22
720575940631759161,VM5d,13
720575940631764281,DA1,23
720575940631764281,DL2v,15
720575940631764281,DL5,11
720575940631764281,DM6,23
720575940631764281,DP1m,8
720575940631764281,VL2p,11
720575940631775032,DP1m,5
720575940631777567,DC1,16
720575940631777567,VA1d,24
720575940631777567,VA1v,20
720575940631782447,DL1,5
720575940631782447,VA6,9
720575940631782447,VC5,11
720575940631782712,VC1,12
720575940631782712,VP1d,21
720575940631798888,DP1l,9
720575940631798888,VA1d,29
720575940631798888,VL1,11
720575940631801401,DP1m,25
720575940631801401,VA7m,13
720575940631801401,VC4,27
720575940631801401,VM2,28
720575940631801631,DA1,13
720575940631801631,DC1,8
720575940631801631,DC2,14
720575940631801631,DM5,7
720575940631801631,DP1m,9
720575940631801631,VC5,13
720575940631827527,VA1v,5
720575940631827527,VA2,20
720575940631827527,VC4,14
720575940631827527,VL1,9
720575940631835673,DM1,15
720575940631835673,DM4,17
720575940631835673,DM5,6
720575940631835673,DM6,15
720575940631835673,DP1l,15
720575940631835673,VM3,11
720575940631842956,DA1,18
720575940631842956,DC2,8
720575940631842956,VA3,15
720575940631842956,VA7m,8
720575940631842956,VL2p,9
720575940631868999,DC1,21
720575940631868999,DP1l,16
720575940631868999,VA5,15
720575940631868999,VM5d,27
720575940631875097,DM1,50
720575940631875097,DM2,24
720575940631875097,V,15
720575940631875097,VA5,31
720575940631879193,DM1,14
720575940631879193,DP1m,5
720575940631880217,DM2,11
720575940631880217,DM3,6
720575940631880217,DP1l,13
720575940631880217,VA2,25
720575940631880217,VM5d,13
720575940631967575,DC1,7
720575940631967575,DC2,15
720575940631967575,DL1,14
720575940631967575,DL5,17
720575940631967575,DP1m,14
720575940631967575,VL2p,25
720575940631975379,DC3,9
720575940631975379,DL1,11
720575940631975379,VA1d,9
720575940631975379,VA1v,11
720575940631975379,VC3,12
720575940631975379,VC5,11
720575940631991879,D,14
720575940631991879,DC2,25
720575940631991879,DL2d,11
720575940631991879,DL2v,21
720575940631991879,DM5,12
720575940631998023,DA1,36
720575940631998023,DC1,10
720575940631998023,DM1,31
720575940631998023,DM4,18
720575940631998023,VA3,14
720575940631998023,VM5d,11
720575940632003409,DA1,14
720575940632003409,DC1,5
720575940632003409,DC2,23
720575940632003409,VA2,6
720575940632010567,DA2,5
720575940632010567,DC1,20
720575940632010567,DC2,6
720575940632010567,DM1,19
720575940632010567,VM5v,10
720575940632019247,DA1,18
720575940632019247,DA4l,18
720575940632019247,VL1,7
720575940632068383,DM1,16
720575940632068383,DM4,28
720575940632068383,DP1m,28
720575940632068383,VM3,22
720575940632077127,DL1,36
720575940632077127,DP1m,31
720575940632077127,VA7m,22
720575940632078929,DM5,5
720575940632078929,DP1l,30
720575940632078929,VA2,35
720575940632078929,VM3,13
720575940632098375,VM4,8
720575940632111780,DP1m,27
720575940632111780,VM1,19
720575940632111780,VM2,17
720575940632111780,VM5d,13
720575940632115247,DC1,12
720575940632115247,DL2d,17
720575940632115247,DM6,12
720575940632115247,VC2,18
720575940632115247,VM3,9
720575940632123439,D,15
720575940632123439,DP1m,35
720575940632123439,VA3,19
720575940632123439,VL2a,17
720575940632135249,VA1v,20
720575940632135249,VA3,24
720575940632135249,VC3,19
720575940632135249,VM5d,6
720575940632135249,VM5v,19
720575940632144813,DA4l,11
720575940632144813,DL1,7
720575940632144813,DL5,6
720575940632164269,DL2v,20
720575940632164269,DM1,10
720575940632164269,DP1m,24
720575940632164269,VA4,16
720575940632164269,VM3,5
720575940632169007,D,28
720575940632169007,DL5,16
720575940632169007,VA7m,17
720575940632169007,VM4,19
720575940632169007,VP1d,7
720575940632172591,DA4m,18
720575940632172591,DC4,12
720575940632172591,VA1v,8
720575940632172591,VC2,9
720575940632172591,VM5v,26
720575940632173103,DC4,31
720575940632173103,DL1,26
720575940632173103,DM5,6
720575940632197935,DA2,12
720575940632197935,DC2,11
720575940632197935,DL1,18
720575940632197935,VA6,13
720575940632197935,VA7l,32
720575940632197935,VM5d,15
720575940632203823,DM2,11
720575940632203823,DM3,8
720575940632203823,DM4,22
720575940632203823,VA7m,21
720575940632229788,DC4,5
720575940632229788,VA2,9
720575940632233628,DC1,12
720575940632233628,DC2,16
720575940632233628,VA1d,22
720575940632233628,VA2,15
720575940632233628,VC3,19
720575940632353499,DC1,26
720575940632353499,DM5,17
720575940632353499,DP1l,35
720575940632353499,VC3,14
720575940632357284,DA1,17
720575940632357284,DA2,12
720575940632357284,DL1,35
720575940632357284,VA1d,21
720575940632357984,VA1d,17
720575940632358564,DA1,11
720575940632358564,DM6,22
720575940632358564,VC2,13
720575940632358564,VL2p,14
720575940632358564,VM5v,23
720575940632364717,DC2,13
720575940632364717,VA1v,11
720575940632364717,VC3,20
720575940632364717,VM5d,8
720575940632364717,VM7d,21
720575940632371040,VL1,6
720575940632371737,DL2d,13
720575940632371737,VM4,11
720575940632377375,DA2,6
720575940632377375,DC1,5
720575940632377375,DM4,7
720575940632377375,V,25
720575940632377375,VA7l,13
720575940632377375,VC4,18
720575940632388138,VM1,26
720575940632433828,DA4l,9
720575940632433828,DM1,21
720575940632433828,DM5,6
720575940632433828,DP1m,24
720575940632433828,VA7m,22
720575940632433828,VM5d,21
720575940632434340,DA1,19
720575940632434340,DC3,29
720575940632434340,DL2d,14
720575940632434340,VC2,16
720575940632434340,VC5,12
720575940632465945,DM1,22
720575940632473440,DA3,9
720575940632473440,DL2v,21
720575940632473440,VA5,10
720575940632473440,VC3,22
720575940632473440,VM5d,12
720575940632481363,DC1,10
720575940632495052,DL1,14
720575940632495052,VA4,16
720575940632495052,VM3,9
720575940632495052,VM5v,6
720575940632510048,DA1,10
720575940632510048,DA4l,6
720575940632510048,DM3,9
720575940632510048,VA6,10
720575940632510048,VM5v,18
720575940632532255,DA2,13
720575940632532255,DL2d,17
720575940632532255,DM1,15
720575940632532255,DM3,11
720575940632532255,VM5d,17
720575940632536780,VA5,14
720575940632536780,VM5v,19
720575940632536780,VM7v,29
720575940632552343,DL2d,28
720575940632552343,DL5,10
720575940632552343,VA3,19
720575940632552343,VA5,17
720575940632558675,DC1,12
720575940632582807,VA7m,9
720575940632582807,VC2,31
720575940632582807,VM3,43
720575940632583831,DM1,6
720575940632583831,DM4,12
720575940632583831,DP1m,23
720575940632583831,VL2p,8
720575940632583831,VM5d,19
720575940632584787,DA1,21
720575940632584787,DA3,17
720575940632584787,VC3,11
720575940632585043,DC3,6
720575940632585043,DL2d,9
720575940632585043,DL4,8
720575940632585043,DL5,10
720575940632585043,VA6,7
720575940632585043,VA7l,7
720575940632617164,DM3,12
720575940632617164,DP1l,34
720575940632617164,VA5,17
720575940632617164,VC1,12
720575940632652077,DL2v,7
720575940632652077,V,12
720575940632668973,DA1,13
720575940632668973,DC3,10
720575940632668973,DL1,24
720575940632668973,DM3,10
720575940632668973,DM4,22
720575940632676409,VA4,12
720575940632676409,VA7m,15
720575940632676409,VC2,12
720575940632676409,VM2,23
720575940632676409,VM5v,27
720575940632718291,DM2,19
720575940632718291,DM3,13
720575940632718291,VA2,19
720575940632718291,VM3,17
720575940632725459,DM1,25
720575940632728476,V,11
720575940632728476,VA6,11
720575940632728476,VL2p,9
720575940632735021,DP1m,15
720575940632735021,VC1,19
720575940632735021,VC3,20
720575940632735021,VL2a,19
720575940632736045,DA1,27
720575940632736045,VA7l,21
720575940632736045,VL2p,13
720575940632804543,DC3,9
720575940632804543,DL1,10
720575940632804543,DM2,10
720575940632804543,V,11
720575940632805037,DL3,19
720575940632805037,DM6,26
720575940632805037,DP1l,11
720575940632805037,VA1d,18
720575940632805037,VA2,6
720575940632805037,VM1,26
720575940632805037,VM5v,7
720575940632835810,D,16
720575940632835810,DC1,22
720575940632835810,DC2,22
720575940632835810,DP1m,17
720575940632848045,DC3,12
720575940632848045,DL4,6
720575940632848045,DM3,12
720575940632848045,VL2p,6
720575940632848045,VM7d,6
720575940632849069,DA1,22
720575940632849069,DL1,15
720575940632849069,DM5,9
720575940632849069,VA1v,18
720575940632849069,VA4,10
720575940632849069,VC3,13
720575940632919265,D,23
720575940632919265,DC2,21
720575940632919265,DM6,23
720575940632919265,VC2,14
720575940632927405,D,14
720575940632927405,VA3,37
720575940632927405,VC1,17
720575940632927405,VM3,16
720575940632929178,DA4l,12
720575940632929178,DC1,18
720575940632929178,VM1,9
720575940632929178,VM5d,21
720575940632929690,DL2v,19
720575940632929690,DM1,21
720575940632929690,DM3,12
720575940632929690,DM4,14
720575940632929690,DP1m,22
720575940632929690,VA2,7
720575940632929690,VA3,16
720575940632929690,VM2,20
720575940632930458,DC1,43
720575940632930458,DM2,24
720575940632930458,DM6,23
720575940632930458,VM7v,23
720575940632932506,DL1,17
720575940632932506,DM5,18
720575940632932506,DP1m,24
720575940632932506,VA1d,8
720575940632932506,VA4,20
720575940632932506,VA5,18
720575940632932762,DL2d,10
720575940632932762,DM1,10
720575940632932762,DM5,8
720575940632932762,DP1m,5
720575940632932762,VC2,5
720575940632932762,VM3,30
720575940632940442,DC3,12
720575940632940442,DL5,26
720575940632940442,DM5,22
720575940632940442,VL2p,19
720575940632951266,DC1,19
720575940632951266,DL2v,25
720575940632951266,DM4,23
720575940632951266,VM3,14
720575940632963245,VL2a,11
720575940632963245,VM5v,10
720575940632963245,VM7v,23
720575940632964269,DM3,10
720575940632964269,VA4,8
720575940632964269,VA7l,16
720575940632964269,VC3,19
720575940632964269,VC4,11
720575940632964269,VL2a,9
720575940632980378,DL2v,11
720575940632980378,VA6,22
720575940632980378,VC5,17
720575940632980378,VM4,21
720575940632980378,VM5v,21
720575940633004383,DC1,8
720575940633004383,DL2v,25
720575940633004383,DM1,16
720575940633004383,DM4,15
720575940633004383,DM5,14
720575940633034336,DM4,10
720575940633040223,D,17
720575940633040223,DM1,6
720575940633040223,VA2,9
720575940633040223,VA4,7
720575940633040223,VA6,9
720575940633040223,VM5d,15
720575940633043295,DL2d,11
720575940633043295,DL3,5
720575940633043295,DM1,14
720575940633043295,DM2,5
720575940633043295,VA4,9
720575940633043295,VM7d,5
720575940633056467,DC1,36
720575940633056467,DP1l,17
720575940633056467,DP1m,13
720575940633056467,VA2,19
720575940633073760,DM1,38
720575940633073760,DP1m,9
720575940633073760,VA4,16
720575940633073760,VC4,22
720575940633074015,DA1,22
720575940633074015,DL3,11
720575940633074015,DP1m,47
720575940633074015,VA2,20
720575940633075163,DM1,9
720575940633075163,DM6,13
720575940633075163,VA2,12
720575940633075163,VM2,19
720575940633075163,VM3,11
720575940633075163,VM5d,17
720575940633075163,VM5v,10
720575940633075163,VM7d,10
720575940633093483,DM1,20
720575940633093483,DM2,5
720575940633093483,DP1l,27
720575940633093483,DP1m,33
720575940633093483,VA2,18
720575940633123609,DC1,21
720575940633123609,DM4,15
720575940633123609,VA1d,24
720575940633140887,D,13
720575940633140887,DL1,8
720575940633140887,VA6,10
720575940633140887,VC3,10
720575940633146007,DA4l,7
720575940633146007,DC3,22
720575940633146007,DP1l,19
720575940633186771,DC1,14
720575940633186771,DL2d,7
720575940633186771,DL2v,13
720575940633186771,VC2,17
720575940633188459,VA1d,46
720575940633188459,VC2,27
720575940633188459,VL2a,15
720575940633210475,DA4l,10
720575940633210475,V,23
720575940633210475,VL2p,13
720575940633210475,VM7d,29
720575940633212779,D,12
720575940633212779,VA6,18
720575940633212779,VC1,23
720575940633212779,VL2p,7
720575940633212779,VM5d,19
720575940633212779,VM7d,16
720575940633215339,DC2,16
720575940633215339,DL1,16
720575940633215339,DP1m,14
720575940633215339,VM7d,19
720575940633215339,VM7v,13
720575940633224555,DP1m,15
720575940633224555,VM1,9
720575940633243755,DM2,7
720575940633243755,DP1m,13
720575940633243755,VA1v,16
720575940633243755,VL2p,14
720575940633243755,VM2,16
720575940633300927,DC2,21
720575940633300927,DC3,13
720575940633300927,DL1,28
720575940633300927,VM1,17
720575940633300927,VM5d,19
720575940633300927,VP1d,8
720575940633312482,DA1,17
720575940633312482,DC1,16
720575940633312482,VA1d,26
720575940633312482,VA7l,18
720575940633312482,VM5v,28
720575940633402082,DL5,11
720575940633402082,VA4,13
720575940633402082,VA7m,25
720575940633402082,VL2p,15
720575940633466524,VC3,7
720575940633493660,DM4,10
720575940633493660,DM5,13
720575940633493660,VA7l,16
720575940633493660,VC4,18
720575940633493660,VL2a,31
720575940633509471,DP1m,11
720575940633516980,DM1,46
720575940633516980,DM3,31
720575940633516980,DM4,17
720575940633521588,D,16
720575940633521588,DM2,13
720575940633521588,DM6,31
720575940633521588,DP1l,36
720575940633521588,V,8
720575940633551028,DC3,13
720575940633551028,DM6,11
720575940633551028,VM5d,11
720575940633551028,VM7v,7
720575940633551540,DC1,18
720575940633551540,DL1,24
720575940633551540,DL3,28
720575940633551540,DM5,19
720575940633551540,VA1d,31
720575940633552820,D,25
720575940633552820,DC1,11
720575940633552820,DC2,21
720575940633552820,DL5,9
720575940633552820,DM6,16
720575940633560545,D,8
720575940633560545,DA4l,9
720575940633560545,DA4m,5
720575940633560545,DL3,16
720575940633560545,VL1,12
720575940633560545,VM7d,27
720575940633565154,DP1m,6
720575940633565154,VA3,12
720575940633569784,VA1d,25
720575940633569784,VL2a,8
720575940633569784,VM7d,13
720575940633570808,DC1,8
720575940633570808,DC2,6
720575940633570808,DM1,21
720575940633570808,DM2,21
720575940633570808,DP1m,31
720575940633580024,VA5,8
720575940633580024,VA6,22
720575940633580024,VC1,5
720575940633580024,VM2,20
720575940633580024,VM4,25
720575940633580024,VM5d,8
720575940633580024,VM7d,22
720575940633710105,DP1m,18
720575940633710105,VA7l,18
720575940633710105,VA7m,42
720575940633710105,VC3,25
720575940633710105,VL2p,23
720575940633773849,D,19
720575940633773849,DL4,5
720575940633773849,VA1d,23
720575940633785369,V,24
720575940633802009,VM5d,7
720575940633813785,DC2,5
720575940633813785,DL1,9
720575940633813785,DP1m,11
720575940633813785,VC3,7
720575940633813785,VL2a,6
720575940633813785,VM5v,10
720575940633886765,DC1,24
720575940633886765,VA1v,21
720575940633886765,VA2,30
720575940633886765,VA4,13
720575940633886765,VL2p,8
720575940633908124,DM1,36
720575940633908124,DM5,24
720575940633908124,VA4,12
720575940633908124,VC3,10
720575940633908124,VM2,29
720575940633908887,D,21
720575940633908887,DA1,17
720575940633908887,DA3,6
720575940633908887,DM5,14
720575940633908887,DP1l,16
720575940633908887,VM7v,14
720575940633911959,DL1,30
720575940633911959,DL2d,30
720575940633911959,VC4,17
720575940633911959,VL2a,30
720575940633932951,VA6,19
720575940633989999,DL1,21
720575940633989999,DM1,43
720575940633989999,VC5,27
720575940633989999,VL2p,13
720575940633996911,DC2,19
720575940633996911,DL2v,23
720575940633996911,DM1,16
720575940633996911,DP1m,12
720575940633996911,VA7m,15
720575940633996911,VC1,24
720575940633996911,VM5d,16
720575940634000495,DM6,35
720575940634000495,VA2,19
720575940634000495,VM7v,19
720575940634001007,DL2v,26
720575940634001007,DM1,16
720575940634001007,DM4,6
720575940634001007,DP1m,14
720575940634001007,VL2a,25
720575940634012015,DC1,19
720575940634012015,DM1,25
720575940634012015,DP1m,24
720575940634012015,VM3,24
720575940634018415,DA1,10
720575940634018415,V,10
720575940634018415,VA5,5
720575940634072756,DA1,14
720575940634072756,VL2a,11
720575940634072756,VM5d,10
720575940634078200,VL1,6
720575940634117216,DL1,22
720575940634117216,DM2,28
720575940634117216,V,26
720575940634117216,VA4,15
720575940634146808,V,6
720575940634154140,DL1,34
720575940634154140,DM2,19
720575940634154140,DP1l,15
720575940634154140,DP1m,20
720575940634154140,VM7d,20
720575940634231999,DM6,42
720575940634231999,VA3,27
720575940634231999,VC1,18
720575940634231999,VC4,21
720575940634235744,VA6,18
720575940634235744,VM5d,12
720575940634235744,VM5v,19
720575940634294367,DM6,18
720575940634294367,VL2a,15
720575940634294367,VM5d,12
720575940634294367,VM5v,24
720575940634294367,VM7d,8
720575940634296951,DC1,10
720575940634296951,VL2p,5
720575940634296951,VM1,6
720575940634347360,DL1,21
720575940634347360,DM3,5
720575940634347360,VA2,10
720575940634347360,VC3,6
720575940634351200,DC4,13
720575940634362999,DA4l,15
720575940634362999,DM3,18
720575940634362999,DM4,9
720575940634362999,DP1l,22
720575940634362999,VM2,27
720575940634430103,VA4,23
720575940634430103,VA7m,31
720575940634430103,VC2,21
720575940634442091,DC1,15
720575940634442091,VA3,13
720575940634442091,VA7m,9
720575940634442091,VC2,11
720575940634442091,VM2,9
720575940634464869,DA1,17
720575940634464869,DL3,26
720575940634464869,DM1,31
720575940634464869,DM2,14
720575940634464869,DM3,6
720575940634464869,VM4,9
720575940634468197,DC1,19
720575940634468197,DL2v,24
720575940634468197,DM1,36
720575940634468197,DM2,10
720575940634468197,DM3,21
720575940634468197,VM2,11
720575940634638734,DA3,11
720575940634638734,DC2,16
720575940634638734,VA1d,28
720575940634638734,VA3,19
720575940634638734,VC3,9
720575940634638734,VM7d,21
720575940634638990,DM4,20
720575940634638990,DM6,20
720575940634638990,VA1d,20
720575940634640014,DL1,7
720575940634640014,VA1v,27
720575940634640014,VA6,10
720575940634640014,VM5d,10
720575940634800282,DM1,12
720575940634800282,DM3,5
720575940634800282,DM4,7
720575940634800282,DM5,13
720575940634800282,DP1m,28
720575940634800282,VA4,13
720575940634800759,DA4l,10
720575940634800759,DC3,9
720575940634800759,VM5d,8
720575940634836671,DP1m,37
720575940634836671,VC3,8
720575940634836671,VC4,30
720575940634839487,VA2,8
720575940634839487,VA3,8
720575940634839487,VM5d,13
720575940634839988,DP1m,22
720575940634839988,VL2p,24
720575940634849375,DC3,28
720575940634849375,VM1,9
720575940634849460,DP1m,15
720575940634849460,VA4,8
720575940634849460,VL2a,15
720575940634849460,VL2p,15
720575940634858676,DC1,10
720575940634858676,DL1,11
720575940634858676,VM3,8
720575940634858676,VM7d,14
720575940634878047,DA4l,5
720575940634878047,DC3,5
720575940634878047,DL1,14
720575940634878047,DL5,31
720575940634878047,VA1v,11
720575940634878047,VM2,10
720575940634890175,DC1,8
720575940634890175,DM2,5
720575940634890175,DM4,9
720575940634890175,DM6,13
720575940634890175,VC3,14
720575940634890175,VL2a,6
720575940634890175,VM2,6
720575940634914552,DL5,25
720575940634914552,VC2,17
720575940634914552,VM5d,25
720575940634920543,DA1,13
720575940634920543,DM4,24
720575940634920543,DP1m,52
720575940634937951,DC3,15
720575940634937951,VM1,9
720575940634937951,VM4,26
720575940634937951,VM5v,21
720575940634939034,DC3,19
720575940634939034,VA1v,7
720575940634939034,VC3,11
720575940634939034,VL2p,10
720575940634939034,VM7v,6
720575940634942362,VA1d,23
720575940634942362,VA7l,6
720575940634942362,VA7m,14
720575940634942362,VC3,15
720575940634951007,DM1,19
720575940634951007,DM2,5
720575940634951007,VC3,9
720575940634951007,VM2,20
720575940634954164,VA6,8
720575940634954164,VA7m,15
720575940634954164,VC3,21
720575940634954164,VM5d,17
720575940634967962,DA1,22
720575940634967962,DC4,21
720575940634967962,VA3,5
720575940634967962,VA7m,14
720575940634967962,VC3,12
720575940634967962,VL2p,7
720575940634975851,D,26
720575940634975851,DP1m,14
720575940634975851,V,10
720575940634975851,VP1d,5
720575940634977893,D,14
720575940634977893,DC4,14
720575940634977893,VA1v,12
720575940634977893,VA3,18
720575940634977893,VA7l,16
720575940634977893,VM7d,10
720575940634989560,DA2,6
720575940634989560,DC1,10
720575940634989560,DC3,21
720575940634989560,VA1d,11
720575940634989560,VA3,21
720575940635016048,DM2,12
720575940635016048,DM5,13
720575940635016048,DP1m,31
720575940635016048,VM1,13
720575940635033701,DM1,19
720575940635110286,DC2,33
720575940635110286,DP1m,16
720575940635110286,VA3,25
720575940635150990,DM2,23
720575940635150990,DM4,8
720575940635150990,DP1m,19
720575940635150990,VA2,20
720575940635150990,VA6,23
720575940635153294,DM1,13
720575940635213998,DC1,16
720575940635213998,DL1,16
720575940635213998,VA4,22
720575940635213998,VM2,25
720575940635288943,DC2,16
720575940635288943,DL2v,20
720575940635288943,DL5,14
720575940635288943,DP1l,17
720575940635288943,VA5,14
720575940635288943,VL2p,8
720575940635309304,DA1,18
720575940635309304,VA2,33
720575940635309304,VC2,10
720575940635309304,VC4,31
720575940635309304,VL2p,17
720575940635386616,DA1,20
720575940635386616,DM1,21
720575940635386616,DP1m,22
720575940635386616,VA2,18
720575940635386616,VA3,17
720575940635386616,VA7m,5
720575940635386616,VC3,25
720575940635386616,VL2a,12
720575940635452408,DA1,12
720575940635452408,VA3,10
720575940635452408,VL2a,13
720575940635452408,VL2p,5
720575940635452408,VM7v,21
720575940635465908,DA1,19
720575940635465908,DM3,19
720575940635465908,VL2a,16
720575940635498871,DC4,13
720575940635498871,DP1l,8
720575940635498871,VA6,13
720575940635498871,VM3,16
720575940635499888,VL2a,5
720575940635541623,D,21
720575940635541623,DM2,18
720575940635541623,DM3,11
720575940635541623,VA1v,12
720575940635541623,VC3,7
720575940635541623,VM5d,17
720575940635614942,D,22
720575940635614942,DL1,15
720575940635614942,DP1l,13
720575940635614942,VL2p,7
720575940635614942,VM3,18
720575940635628766,D,10
720575940635628766,VC2,6
720575940635628766,VM5d,14
720575940635656670,DP1m,37
720575940635656670,VA1d,16
720575940635656670,VA2,23
720575940635656670,VC4,31
720575940635659486,DC1,9
720575940635659486,DM2,9
720575940635659486,DM6,10
720575940635659486,VM5d,6
720575940635659486,VM5v,15
720575940635800431,DC2,5
720575940635803876,DM2,21
720575940635807087,DM1,11
720575940635807087,DP1m,6
720575940635883748,VM2,6
720575940635883748,VM5d,7
720575940635884143,DM4,14
720575940635884143,VA6,17
720575940635884143,VC2,16
720575940635884143,VP1d,19
720575940635884911,DM4,27
720575940635884911,DP1m,27
720575940635884911,VL2p,14
720575940635908580,VM1,8
720575940635953343,DP1m,9
720575940635953343,VM7d,10
720575940636045175,DL5,6
720575940636059226,DM2,10
720575940636059226,DM6,5
720575940636059226,VM2,6
720575940636069751,DM1,5
720575940636069751,DM5,10
720575940636069751,DP1l,32
720575940636069751,VA7m,19
720575940636069751,VM7v,9
720575940636092393,DC1,10
720575940636092393,DM2,16
720575940636092393,DM4,14
720575940636092393,VM7v,24
720575940636114239,VA1d,15
720575940636114239,VA6,6
720575940636135543,DC3,25
720575940636135543,DM5,21
720575940636135543,VA2,21
720575940636135543,VC2,13
720575940636135543,VL2p,9
720575940636135799,D,19
720575940636135799,DA4l,11
720575940636135799,DC2,13
720575940636135799,DM6,18
720575940636135799,DP1m,16
720575940636135799,VA4,17
720575940636136567,DM4,6
720575940636136567,VC3,8
720575940636136567,VC4,7
720575940636143679,DC3,5
720575940636143679,V,13
720575940636143679,VL2a,23
720575940636143679,VL2p,7
720575940636146409,DM4,25
720575940636146409,V,15
720575940636146409,VA7m,10
720575940636146409,VM3,25
720575940636159039,DL1,8
720575940636159039,DP1m,11
720575940636159039,VM5d,12
720575940636159198,DP1m,22
720575940636159198,VA3,17
720575940636159198,VA6,14
720575940636159198,VA7m,9
720575940636168414,DC4,27
720575940636168414,VA1d,8
720575940636168414,VA3,7
720575940636168414,VA7l,11
720575940636168414,VM5d,14
720575940636224142,DC1,18
720575940636224142,DM1,24
720575940636224142,DM4,21
720575940636224142,DM5,13
720575940636224142,VA2,39
720575940636224142,VM3,33
720575940636242039,DC1,16
720575940636242039,DC2,19
720575940636242039,DL1,9
720575940636242039,DP1l,9
720575940636242039,VA5,20
720575940636242039,VL2p,14
720575940636246446,DC1,18
720575940636246446,VA2,18
720575940636246446,VA4,6
720575940636291429,D,32
720575940636291429,DM4,30
720575940636291429,VA3,41
720575940636291429,VA6,23
720575940636352357,DA4l,7
720575940636352357,DC1,20
720575940636352357,VA2,11
720575940636352357,VC2,14
720575940636356836,DC1,14
720575940636356836,DC4,16
720575940636356836,VC2,6
720575940636356836,VC3,14
720575940636356836,VM5d,6
720575940636364133,DA1,24
720575940636364133,DC1,11
720575940636364133,DC2,16
720575940636364133,DL1,19
720575940636364133,DL3,15
720575940636364133,VM4,19
720575940636364133,VM5d,28
720575940636375653,DC1,9
720575940636375653,DM3,20
720575940636375653,DP1m,11
720575940636375653,VA2,16
720575940636375653,VC5,10
720575940636422372,DC2,25
720575940636422372,DC4,20
720575940636422372,DL1,36
720575940636422372,VA4,13
720575940636430437,DA4l,13
720575940636430437,DL2v,17
720575940636430437,VC4,30
720575940636430437,VM3,10
720575940636447630,DM2,19
720575940636447630,DM3,36
720575940636447630,VA3,28
720575940636447630,VA7m,13
720575940636488878,DA4l,5
720575940636488878,DA4m,6
720575940636488878,DC1,14
720575940636488878,DL5,18
720575940636488878,VC1,11
720575940636519598,VA5,19
720575940636519598,VL2p,5
720575940636551086,DA1,16
720575940636551086,DC3,20
720575940636551086,DM3,11
720575940636551086,DP1m,7
720575940636551086,VA6,13
720575940636551086,VM1,24
720575940636551086,VM2,5
720575940636553306,DM5,22
720575940636553306,VA7m,22
720575940636553390,DM1,18
720575940636553390,DM4,20
720575940636553390,DM5,9
720575940636553390,DP1l,18
720575940636553646,DC1,9
720575940636553646,DL5,11
720575940636553646,DM1,12
720575940636553646,DP1l,9
720575940636553646,VA1d,12
720575940636553646,VM3,10
720575940636553646,VM5v,11
720575940636560730,DL2v,15
720575940636560730,VC4,5
720575940636605530,DC1,12
720575940636605530,DL3,6
720575940636605530,VA3,8
720575940636605530,VA5,10
720575940636640602,DL1,5
720575940636640602,DP1m,18
720575940636665262,VA5,7
720575940636665262,VM5v,12
720575940636675817,DC1,6
720575940636677190,DM1,24
720575940636677190,DM2,16
720575940636677190,DM4,19
720575940636677190,VA2,23
720575940636677190,VC2,29
720575940636677190,VC3,12
720575940636685894,DM1,23
720575940636685894,DM5,5
720575940636685894,VA2,7
720575940636769343,DA1,7
720575940636769343,DC1,25
720575940636769343,DL5,8
720575940636769343,DM1,17
720575940636769343,DM6,18
720575940636769343,VA7m,7
720575940636877936,D,14
720575940636877936,DA4m,18
720575940636877936,VA3,25
720575940636898281,DA1,20
720575940636898281,DC2,11
720575940636898281,VA6,10
720575940636898281,VC2,11
720575940636898281,VC3,7
720575940636920542,DM6,31
720575940636920542,VA1v,12
720575940636920542,VL2a,16
720575940636920542,VM5d,15
720575940636991856,DC3,14
720575940636991856,DL2v,7
720575940636991856,DM6,20
720575940636991856,VA6,12
720575940636991856,VA7m,13
720575940637050933,DM4,10
720575940637050933,DP1m,11
720575940637050933,VA3,28
720575940637050933,VC4,5
720575940637055797,DM5,5
720575940637055797,VA2,9
720575940637055797,VC4,12
720575940637118174,DA1,18
720575940637118174,DA4l,26
720575940637118174,DP1m,32
720575940637118174,VA3,26
720575940637118174,VM2,29
720575940637148486,DC3,7
720575940637148486,V,10
720575940637164260,DM6,8
720575940637164260,DP1l,20
720575940637164260,VA7m,10
720575940637169998,DA2,14
720575940637169998,DC1,29
720575940637169998,VA6,18
720575940637169998,VC3,22
720575940637184078,DC1,5
720575940637184078,V,12
720575940637184078,VA2,7
720575940637184078,VL2a,6
720575940637184078,VL2p,9
720575940637184078,VM7d,28
720575940637186638,DA1,26
720575940637186638,DM1,48
720575940637186638,VA3,16
720575940637186638,VC3,9
720575940637190990,DM4,13
720575940637190990,VM3,24
720575940637211462,D,13
720575940637211462,DA2,7
720575940637211462,DC1,5
720575940637211462,DL5,10
720575940637211462,DP1m,33
720575940637211462,VA6,8
720575940637222470,DP1m,10
720575940637222470,VA2,5
720575940637222470,VM2,9
720575940637222470,VM5d,6
720575940637225798,VP1d,10
720575940637277117,DA2,11
720575940637277117,DP1m,21
720575940637277117,VC3,10
720575940637277117,VM3,8
720575940637315418,DC1,6
720575940637315418,VA1d,11
720575940637315418,VC3,14
720575940637315418,VL2p,6
720575940637315418,VM7v,14
720575940637316029,VM7d,8
720575940637320381,D,20
720575940637320381,DM6,13
720575940637320381,DP1l,14
720575940637320381,VC3,7
720575940637339738,DA1,10
720575940637339738,DL1,12
720575940637339738,VA1d,20
720575940637372894,DA1,14
720575940637372894,DL2v,17
720575940637372894,VL2p,5
720575940637404750,DA1,6
720575940637404750,DA4m,29
720575940637404750,DC4,23
720575940637404750,DL2v,22
720575940637404750,VL2p,8
720575940637404750,VM5d,21
720575940637407209,VA4,17
720575940637407209,VM7d,55
720575940637434601,VA3,37
720575940637434601,VA7l,15
720575940637434601,VL2p,14
720575940637434601,VM5d,25
720575940637446622,DC2,8
720575940637446622,DL4,5
720575940637446622,VA6,14
720575940637465054,DL2v,19
720575940637465054,DL4,6
720575940637465054,VA1v,16
720575940637465054,VA7l,15
720575940637465054,VC3,14
720575940637508698,DM1,16
720575940637508698,DP1m,12
720575940637508698,VC4,11
720575940637526750,DL2d,11
720575940637526750,VC3,6
720575940637526750,VC4,28
720575940637526750,VL2a,16
720575940637526750,VL2p,29
720575940637580659,DL5,5
720575940637580659,VC3,10
720575940637580659,VM5d,6
720575940637580659,VM5v,13
720575940637594995,VA2,33
720575940637594995,VA4,14
720575940637594995,VA6,37
720575940637594995,VM5d,14
720575940637595507,DM1,23
720575940637595507,DP1m,14
720575940637595507,VA2,14
720575940637595507,VA4,14
720575940637595507,VM7d,17
720575940637657189,DL1,23
720575940637657189,VA4,21
720575940637657189,VM3,35
720575940637657189,VM7v,27
720575940637695395,DC1,10
720575940637695395,DM1,27
720575940637695395,VA4,18
720575940637695395,VC3,46
720575940637704765,DM4,17
720575940637704765,VA2,18
720575940637704765,VA5,17
720575940637704765,VA7m,23
720575940637704765,VM2,21
720575940637707069,DC1,8
720575940637707069,DM1,18
720575940637707069,DM4,13
720575940637707069,DP1m,44
720575940637707069,VM3,18
720575940637725272,DM2,18
720575940637725272,VA2,15
720575940637725272,VC2,6
720575940637726180,DL2d,20
720575940637726180,DL2v,14
720575940637726180,DM1,19
720575940637726180,VM1,6
720575940637733702,DC1,22
720575940637733702,DM1,23
720575940637733702,DM4,18
720575940637733702,VA2,12
720575940637733702,VA5,5
720575940637733702,VL2p,9
720575940637733702,VM4,9
720575940637737021,DC1,8
720575940637737021,DP1m,8
720575940637737021,VM3,7
720575940637737021,VP1d,9
720575940637746520,DA4l,9
720575940637746520,VA1d,15
720575940637746520,VC2,19
720575940637746520,VL2a,28
720575940637746520,VM5d,11
720575940637754019,DM4,18
720575940637754019,DM6,7
720575940637754019,DP1m,23
720575940637754019,VC3,16
720575940637754019,VC4,23
720575940637756349,D,32
720575940637756349,DL2v,32
720575940637756349,VA6,29
720575940637773117,DC1,9
720575940637773117,DL1,11
720575940637773117,DP1m,22
720575940637773117,VA1d,18
720575940637774426,DA4m,27
720575940637774426,DL1,14
720575940637774426,VA3,15
720575940637774426,VL1,7
720575940637788494,DC2,15
720575940637788494,DC4,11
720575940637788494,DM1,38
720575940637788494,VA6,9
720575940637788494,VC3,16
720575940637804260,DA2,5
720575940637804260,VA7l,11
720575940637804260,VC2,25
720575940637804260,VM5d,17
720575940637810239,DA2,13
720575940637810239,DA4l,17
720575940637810239,DL2d,24
720575940637810239,DP1l,25
720575940637810239,DP1m,15
720575940637810239,VA2,10
720575940637810239,VM2,22
720575940637826623,DL2v,17
720575940637826623,DM4,15
720575940637826623,DM6,22
720575940637826623,DP1m,16
720575940637826623,VA2,14
720575940637826623,VC3,10
720575940637835839,DL1,20
720575940637835839,DM1,24
720575940637835839,DP1l,17
720575940637846618,VA4,16
720575940637846618,VC3,18
720575940637846618,VM2,23
720575940637846618,VM3,20
720575940637846618,VM7d,53
720575940637849151,DM3,7
720575940637849151,VA2,10
720575940637849151,VA5,10
720575940637849151,VC1,18
720575940637849151,VC4,13
720575940637849151,VC5,10
720575940637849151,VM1,24
720575940637849151,VM4,14
720575940637869028,DM6,8
720575940637869028,DP1m,9
720575940637869028,VM1,14
720575940637869028,VM5d,13
720575940637869028,VM5v,21
720575940637907428,DA3,12
720575940637907428,DL5,14
720575940637907428,DM3,22
720575940637907428,VA7m,7
720575940637949161,DL2d,29
720575940637949161,DL3,27
720575940637949161,VA3,31
720575940637949161,VM5d,31
720575940637954532,DC1,18
720575940637954532,VA2,19
720575940637954532,VA7l,8
720575940637954532,VL2a,16
720575940637964521,VL2a,14
720575940637964521,VL2p,22
720575940637964521,VM4,14
720575940637964521,VM7d,13
720575940637970665,VA2,16
720575940637970665,VC2,8
720575940637970665,VC3,18
720575940637970665,VM1,25
720575940637970665,VM3,6
720575940638053865,DA1,10
720575940638053865,DL2d,9
720575940638053865,VA7m,6
720575940638179699,DM4,9
720575940638179699,DP1m,5
720575940638228643,DA1,5
720575940638228643,DL1,13
720575940638228643,DM5,5
720575940638228643,VA1v,11
720575940638228643,VM5v,13
720575940638445894,V,6
720575940638445894,VL2a,16
720575940638468678,DA1,15
720575940638468678,DP1m,13
720575940638468678,VA3,15
720575940638468678,VA7m,20
720575940638468678,VC2,9
720575940638468678,VM3,14
720575940638468678,VM5v,15
720575940638472006,DM1,9
720575940638472006,VA3,5
720575940638472006,VC3,6
720575940638480061,DA1,21
720575940638480061,DC2,24
720575940638480061,DL1,19
720575940638480061,VL2p,5
720575940638531637,DA1,14
720575940638531637,DC1,23
720575940638531637,DL5,19
720575940638531637,VM5v,13
720575940638561102,DL2v,12
720575940638561102,DP1l,17
720575940638561102,VM3,6
720575940638619358,DM1,30
720575940638619358,DM2,23
720575940638619358,DM4,20
720575940638619358,DP1l,35
720575940638619358,V,9
720575940638619358,VA4,6
720575940638626613,V,14
720575940638662352,VA7l,7
720575940638903248,DM5,13
720575940638903248,VA3,21
720575940638903248,VA4,7
720575940638903248,VA5,23
720575940638903248,VC4,26
720575940638925877,DM4,9
720575940638925877,VC1,13
720575940638925877,VM3,18
720575940638925877,VM5v,21
720575940638964131,D,30
720575940638964131,VA3,17
720575940638964131,VA7l,19
720575940638964131,VC3,24
720575940638964131,VM5v,25
720575940638975285,DA4l,6
720575940638975285,DM6,18
720575940638975285,VA3,30
720575940638975285,VC5,18
720575940638995005,DL2v,12
720575940638995005,DM1,12
720575940638995005,DM6,12
720575940639022243,DP1l,22
720575940639022243,DP1m,18
720575940639022243,V,13
720575940639022243,VA1v,10
720575940639022243,VA4,11
720575940639056061,DL2d,17
720575940639056061,DP1l,25
720575940639056061,VA4,14
720575940639056061,VA7m,27
720575940639056061,VL2p,19
720575940639056061,VM5d,15
720575940639057085,DC1,17
720575940639057085,DL5,9
720575940639057085,DM2,15
720575940639057085,DM4,14
720575940639057085,VA3,15
720575940639057085,VA5,20
720575940639069493,DA2,11
720575940639069493,DL1,19
720575940639069493,VA7l,24
720575940639069493,VL2p,6
720575940639071029,DM3,5
720575940639071029,VA7m,24
720575940639071029,VL2p,5
720575940639071029,VM2,13
720575940639078717,DC3,14
720575940639078717,DL2v,11
720575940639078717,DP1m,13
720575940639078717,VA4,9
720575940639078717,VA7m,10
720575940639090997,DA1,19
720575940639090997,DM1,37
720575940639090997,VA2,27
720575940639090997,VC3,9
720575940639100760,DC2,30
720575940639100760,V,13
720575940639100760,VA5,17
720575940639100760,VM7v,24
720575940639116888,DC1,19
720575940639116888,DM6,19
720575940639116888,VA1v,11
720575940639116888,VM5d,7
720575940639116888,VM5v,6
720575940639118168,DA2,12
720575940639118168,DC4,7
720575940639118168,DM2,11
720575940639118168,VA1v,19
720575940639118168,VA5,10
720575940639118168,VC4,22
720575940639158480,DL5,14
720575940639158480,VC1,7
720575940639158480,VM1,14
720575940639172560,DM1,9
720575940639172560,V,8
720575940639172560,VA4,6
720575940639202532,DL2v,10
720575940639202532,DM4,10
720575940639202532,DP1m,8
720575940639258613,DM1,10
720575940639258613,DM3,7
720575940639258613,VA7m,26
720575940639258613,VM5v,21
720575940639274574,VC1,7
720575940639274574,VM1,7
720575940639278325,VA4,9
720575940639278325,VA6,8
720575940639286606,VA3,24
720575940639286606,VC2,18
720575940639286606,VM3,10
720575940639409315,DM1,16
720575940639409315,DM4,15
720575940639409315,VC2,21
720575940639409315,VC3,6
720575940639409315,VM7d,21
720575940639417459,DL2v,16
720575940639417459,DP1m,27
720575940639417459,VA4,18
720575940639417459,VA6,24
720575940639417459,VM4,26
720575940639506749,DC1,7
720575940639506749,DC4,17
720575940639506749,VA1v,10
720575940639506749,VA6,10
720575940639506749,VC3,15
720575940639515965,D,11
720575940639515965,DC3,18
720575940639515965,DM3,9
720575940639515965,VM7v,23
720575940639534451,DC2,13
720575940639534451,DM1,25
720575940639534451,DM6,14
720575940639534451,DP1m,10
720575940639534451,VA7m,5
720575940639543715,DM1,9
720575940639543715,DM2,9
720575940639543715,DP1l,14
720575940639554675,DC3,30
720575940639554675,DM5,5
720575940639554675,DM6,26
720575940639554675,VA2,10
720575940639554675,VA4,6
720575940639554675,VM4,11
720575940639588723,DL5,15
720575940639588723,VC1,7
720575940639588723,VC3,16
720575940639588723,VL2a,8
720575940639593587,DP1m,16
720575940639593587,VA7l,8
720575940639593587,VA7m,14
720575940639593587,VM1,30
720575940639593587,VM7d,20
720575940639593587,VP1d,9
720575940639686232,DA4l,8
720575940639686232,DC4,16
720575940639686488,DC1,25
720575940639686488,VA6,19
720575940639686488,VC2,13
720575940639686488,VL2a,11
720575940639686488,VM5v,12
720575940639688611,DP1l,6
720575940639688611,VA1v,5
720575940639688611,VA3,12
720575940639688611,VA5,37
720575940639726555,DM2,20
720575940639726555,DM4,13
720575940639726555,VA5,11
720575940639726555,VC1,19
720575940639726555,VC3,30
720575940639727067,DA1,23
720575940639727067,DM4,25
720575940639727067,DP1m,32
720575940639727067,VA2,13
720575940639727067,VA4,13
720575940639727861,VA1d,13
720575940639727861,VM2,6
720575940639733211,DA1,19
720575940639733211,DL2d,24
720575940639733211,DL2v,15
720575940639733211,VA1v,7
720575940639733211,VA7l,11
720575940639733211,VM5d,13
720575940639749109,D,34
720575940639749109,DC1,17
720575940639749109,DM6,21
720575940639749109,DP1m,13
720575940639749109,VC3,28
720575940639846488,DC2,15
720575940639846488,DL2d,32
720575940639846488,VA6,16
720575940639846488,VM1,19
720575940639846488,VM5d,9
720575940639881600,DC2,14
720575940639881600,VA7m,14
720575940639881600,VC2,10
720575940639881600,VC5,7
720575940639881600,VL2a,25
720575940639903696,DC3,10
720575940639903696,DP1l,9
720575940639903696,VA1d,24
720575940639903696,VM1,24
720575940639986048,DM6,8
720575940639988352,DA1,29
720575940639988352,VA1d,19
720575940639988352,VA1v,13
720575940639988352,VA6,14
720575940639988352,VA7m,11
720575940640276955,DM3,25
720575940640276955,DM5,17
720575940640276955,VA1d,27
720575940640276955,VA2,12
720575940640276955,VA5,16
720575940640292571,DL5,15
720575940640292571,DM1,7
720575940640292571,VA1d,17
720575940640292571,VA2,8
720575940640292571,VL2p,7
720575940640292571,VM5v,14
720575940640487669,DA1,17
720575940640487669,DA4l,10
720575940640487669,DL4,10
720575940640487669,DM2,7
720575940640487669,DM6,12
720575940640566736,DL1,14
720575940640566736,VA3,17
720575940640566736,VA7l,9
720575940640566736,VA7m,7
720575940640566736,VL2p,13
720575940640566736,VM2,14
720575940640634787,DA1,21
720575940640634787,DL1,21
720575940640634787,VP1d,8
720575940640646864,DC1,24
720575940640646864,VA1v,24
720575940640646864,VA3,27
720575940640646864,VC3,9
720575940640646864,VL2p,17
720575940640646864,VM1,20
720575940640646864,VM5v,14
720575940640688336,VA5,21
720575940640688336,VA6,12
720575940640688336,VC2,19
720575940640688336,VC4,21
720575940640688592,DC2,9
720575940640688592,DM1,19
720575940640688592,DM2,6
720575940640688592,VL2a,17
720575940640688592,VM5d,10
720575940640756621,DC3,18
720575940640756621,DL5,27
720575940640756621,DM5,17
720575940640756621,VA1d,12
720575940640756621,VM3,24
720575940640758157,DA1,15
720575940640758157,DC3,9
720575940640758157,DM1,8
720575940640758157,DP1m,11
720575940640758157,VA6,16
720575940640758157,VL2p,6
720575940640883931,DC3,9
720575940640883931,DL2v,10
720575940640883931,DM4,15
720575940640883931,DP1m,24
720575940640883931,VC2,14
720575940640905205,DA1,17
720575940640905205,VL2p,31
720575940640905205,VM5v,26
720575940640905205,VM7v,29
720575940641079029,VM1,8
720575940641079029,VM5d,10
720575940641084405,DC3,24
720575940641084405,DM6,25
720575940641084405,VA3,19
720575940641084405,VM5d,11
720575940641355739,VA2,5
720575940641355739,VC2,11
720575940641360091,DM1,13
720575940641360091,DP1m,15
720575940641360091,VA2,9
720575940641360091,VM7d,6
720575940641362907,DC1,17
720575940641362907,DL1,12
720575940641362907,DM4,5
720575940641362907,DP1l,10
720575940641362907,VA5,19
720575940641362907,VL2a,12
720575940641536397,DC3,11
720575940641536397,VC2,19
720575940641536397,VL2a,10
720575940641866912,DA1,12
720575940641866912,DL1,9
720575940641866912,DM2,10
720575940641866912,DM6,19
720575940641866912,V,7
720575940641866912,VM4,8
720575940641889952,DA1,13
720575940641889952,DL3,7
720575940641889952,DM1,19
720575940641889952,DM2,16
720575940641889952,VA4,18
720575940641936584,DM1,20
720575940641936584,DM3,17
720575940641936584,DP1m,16
720575940641936584,VA7l,18
720575940641936584,VM3,18
720575940642010056,DC1,7
720575940642010056,DM6,8
720575940642010056,VC3,8
720575940642010056,VM5d,10
720575940642010056,VM5v,8
720575940642022088,V,19
720575940642108301,DP1l,17
720575940642108301,VM5v,9
720575940642162573,DM1,20
720575940642162573,DM6,11
720575940642162573,VM5d,6
720575940642328736,VA1v,28
720575940642328736,VA4,19
720575940642328736,VC3,28
720575940642338464,DA2,8
720575940642338464,DC1,6
720575940642338464,DL1,14
720575940642338464,DM5,7
720575940642338464,VM1,25
720575940642347936,DL1,11
720575940642347936,DL2v,21
720575940642347936,VA7m,25
720575940642347936,VC1,15
720575940642383520,DC1,14
720575940642948887,DC4,27
720575940642948887,DL2v,11
720575940642948887,DM4,12
720575940642948887,DM5,12
720575940642948887,VA2,18
720575940642948887,VM5d,23
720575940643063200,DC2,16
720575940643063200,DM4,18
720575940643063200,VM3,15
720575940643063200,VM7d,20
720575940643266852,DL1,18
720575940643266852,DM2,24
720575940643266852,V,8
720575940643266852,VA3,19
720575940643281262,VA1d,23
720575940643404744,DL1,20
720575940643404744,VA3,15
720575940643497632,DM2,5
720575940643497632,V,11
720575940643501472,DM6,5
720575940643501472,DP1m,11
720575940643504288,DA1,16
720575940643504288,DM1,26
720575940643504288,DM4,28
720575940643504288,VL2a,31
720575940643547296,DM2,10
720575940643547296,DP1m,17
720575940643547296,VM3,6
720575940643830126,DL1,13
720575940644136983,DC1,18
720575940644136983,DL2v,21
720575940644136983,VC2,23
720575940644136983,VC3,23
720575940644423204,DM1,25
720575940644423204,DM2,5
720575940644423204,VA3,16
720575940644423204,VA7m,6
720575940644423204,VC4,15
720575940644472100,D,10
720575940644472100,VA7l,13
720575940644472100,VL2a,15
720575940644479267,DM1,30
720575940644479267,DM2,7
720575940644479267,DM4,33
720575940644479267,DM6,23
720575940644479267,VA4,25
720575940644554606,DA1,35
720575940644554606,VA2,52
720575940644554606,VM3,11
720575940644583534,D,22
720575940644583534,DC3,9
720575940644583534,DM6,24
720575940644583534,VA5,10
720575940644583534,VC2,7
720575940644583534,VM3,23
720575940644592494,DA2,10
720575940644592494,DL2d,18
720575940644592494,DP1l,21
720575940644592494,DP1m,8
720575940644592494,VA7m,11
720575940644607854,DC2,30
720575940644607854,DL3,10
720575940644607854,VA6,17
720575940644607854,VC5,7
720575940644607854,VL1,16
720575940644607854,VL2a,10
720575940644609134,VA3,12
720575940644609134,VA5,7
720575940644609134,VC3,16
720575940644609134,VM5d,7
720575940644609134,VM7v,19
720575940644747572,DM6,17
720575940644747572,DP1l,16
720575940644747572,DP1m,18
720575940644747572,VC3,20
720575940644747572,VC4,9
720575940644759319,DC2,8
720575940644759319,DL1,15
720575940644759319,DM6,15
720575940644759319,VA1v,15
720575940644759319,VA3,11
720575940644759319,VA7l,12
720575940644759319,VL2a,19
720575940644759319,VM5v,9
720575940644805143,DA1,19
720575940644805143,VA6,13
720575940644837655,DA2,5
720575940644837655,DP1m,18
720575940644837655,VA1v,10
720575940644837655,VA5,12
720575940644837655,VA7m,15
720575940644837655,VL2a,12
720575940644837655,VM5d,9
720575940644843031,DA4m,8
720575940644843031,DC1,18
720575940644843031,DM2,13
720575940644843031,VA5,9
720575940644843031,VA7m,10
720575940644843031,VL2p,5
720575940645210222,DL1,13
720575940645210222,DM6,25
720575940645210222,VA6,7
720575940645210222,VC5,13
720575940645210222,VM5d,16
720575940645210222,VM7d,20
720575940645236078,DM1,14
720575940645236078,DM4,8
720575940645236078,V,6
720575940645236078,VM7d,6
720575940645248878,DL5,18
720575940645248878,DM3,13
720575940645248878,VA2,11
720575940645248878,VA3,14
720575940645248878,VC1,10
720575940645248878,VM3,12
720575940645377668,DC1,21
720575940645377668,DL3,5
720575940645377668,DP1l,14
720575940645377668,DP1m,11
720575940645377668,VA4,11
720575940645386884,DA1,14
720575940645386884,VA6,23
720575940645390468,DL1,23
720575940645390468,DM3,11
720575940645390468,VC3,8
720575940645390468,VM7d,19
720575940645759523,DC4,23
720575940645759523,DM3,25
720575940645759523,V,20
720575940645759523,VM7d,25
720575940645819268,DC2,14
720575940645819268,DL1,16
720575940645819268,VA1d,26
720575940645819268,VC5,19
720575940645819268,VL2p,6
720575940645828740,DM2,18
720575940645828740,DM4,6
720575940645828740,DP1l,31
720575940645828740,DP1m,26
720575940645828740,VC3,9
720575940645858948,DC2,7
720575940645858948,DL5,9
720575940646034740,DC3,18
720575940646034740,DL5,30
720575940646034740,DP1m,34
720575940646229283,D,14
720575940646229283,DA1,8
720575940646229283,DA4l,13
720575940646229283,DC1,30
720575940646229283,DL2v,24
720575940646263331,DC2,34
720575940646263331,DM4,9
720575940646263331,DM6,27
720575940646263331,VM5d,17
720575940646290979,DC1,5
720575940646290979,DC2,7
720575940646290979,DM3,8
720575940646290979,VA5,10
720575940646290979,VA7m,10
720575940646290979,VC5,13
720575940646308148,DM1,9
720575940646308148,DP1m,17
720575940646308148,VA3,33
720575940646308148,VC3,11
720575940646308148,VL2a,23
720575940646419235,DC2,17
720575940646419235,DL3,13
720575940646419235,DP1m,34
720575940646419235,VL2p,12
720575940646598788,D,21
720575940646598788,DM4,18
720575940646598788,DP1l,18
720575940646598788,VM2,26
720575940646602372,DL3,6
720575940646602372,VA2,12
720575940646602372,VA6,28
720575940646602372,VC2,16
720575940646602372,VL2p,19
720575940646606724,DM1,17
720575940646606724,DM4,24
720575940646606724,VA7l,12
720575940646606724,VM2,26
720575940646606724,VM7d,33
720575940646609028,DL2d,8
720575940646609028,DP1m,15
720575940646609028,VM5d,6
720575940646609028,VM5v,7
720575940646646148,DA1,13
720575940646646148,DL2v,17
720575940646646148,DP1l,11
720575940646646148,VA2,10
720575940646646148,VM2,17
720575940646646148,VM7v,18
720575940646667828,DL2d,7
720575940646667828,VC3,16
720575940646667828,VM5v,10
720575940646682932,DC1,12
720575940646682932,VA1v,5
720575940646682932,VA6,5
720575940646682932,VC3,6
720575940646697780,D,10
720575940646697780,DL5,20
720575940646697780,VC2,16
720575940646697780,VC5,7
720575940647153796,DC1,9
720575940647714425,DM4,19
720575940647714425,DP1m,27
720575940647714425,VC3,21
720575940647714425,VM2,29
720575940647739513,DC3,10
720575940647739513,DM3,5
720575940647739513,VA2,10
720575940647739513,VA3,19
720575940647739513,VM2,14
720575940647739513,VM3,12
720575940647739513,VM4,16
720575940647739513,VM5v,20
720575940648205945,VM3,5
720575940648235641,DA1,13
720575940648235641,DA2,6
720575940648235641,VL2p,11
720575940648246649,VL2p,8
720575940648276089,DC1,19
720575940648276089,DL2d,16
720575940648276089,VA1v,15
720575940648276089,VA3,11
720575940648276089,VA7l,11
720575940648995705,DM4,6
720575940648995705,VA4,9
720575940648995705,VA7m,21
720575940649012857,DA1,17
720575940649012857,DL1,13
720575940649012857,DM5,14
720575940649012857,VC3,10
720575940649012857,VM2,16
720575940649012857,VM5d,8
720575940649020025,D,26
720575940649020025,DC1,11
720575940649020025,DC2,9
720575940649022841,DM4,20
720575940649228665,VA5,20
720575940649228665,VA7m,9
720575940649536377,DA1,9
720575940649536377,DC1,8
720575940649536377,VA6,23
720575940649649529,DC1,28
720575940649649529,DL1,18
720575940649649529,DP1m,26
720575940649649529,VM4,24
720575940649650041,DL1,6
720575940649691513,VA2,9
720575940649691513,VM1,6
720575940650260214,DC2,25
720575940650260214,DL2v,24
720575940650260214,VA4,24
720575940650260214,VA7l,10
720575940650260214,VM5d,19
720575940650270710,DC3,11
720575940650270710,DM1,10
720575940650270710,DM2,16
720575940650270710,DM3,8
720575940650270710,DM4,17
720575940650270710,DP1l,17
720575940651816950,DA1,19
720575940651816950,DC2,17
720575940651816950,DM1,16
720575940651816950,DM2,16
720575940651816950,VC3,24
720575940651816950,VM5d,8
720575940652311030,DA1,15
720575940652311030,DC2,8
720575940652311030,DC3,7
720575940652311030,VA3,20
720575940652342006,DC3,8
720575940652342006,DP1l,20
720575940652342006,VA6,21
720575940652342006,VM2,29
720575940652342006,VM4,11
720575940652342006,VM5v,21
720575940652703393,DA4l,15
720575940652703393,VA1d,34
720575940652703393,VL1,8
720575940652703393,VP1d,13
720575940652784289,DC2,5
720575940652784289,DL2d,13
720575940652799649,DC1,23
720575940652799649,DP1l,22
720575940652799649,VM5d,23
720575940652809377,DA1,12
720575940652809377,DC3,14
720575940652809377,DL2d,11
720575940652809377,VL2p,6
720575940652809377,VM5d,10
720575940652822945,DC3,8
720575940652822945,DP1m,10
720575940652822945,VA3,16
720575940652822945,VA7l,14
720575940652822945,VC4,11
720575940652822945,VM5d,18
720575940652822945,VM7v,5
720575940652837793,DM1,15
720575940652837793,DM2,7
720575940652837793,DP1l,18
720575940652837793,VL2a,11
720575940652875169,DL1,6
720575940652875169,VA3,9
720575940652875169,VM7v,8
720575940653332385,DC2,9
720575940653332385,DM6,5
720575940653339041,DA1,10
720575940653339041,DC1,11
720575940653339041,VL1,6
720575940653339041,VP1d,7
720575940654491553,DL1,21
720575940654491553,DM4,16
720575940654491553,VA1v,18
720575940654491553,VA2,17
720575940654491553,VL2p,16
720575940654491553,VM2,25
720575940654491553,VM7v,17
720575940654606753,DC1,15
720575940654606753,DL2d,7
720575940654606753,DP1m,9
720575940654606753,VA4,8
720575940654606753,VM5d,12
720575940654647457,DA1,17
720575940654647457,VA5,6
720575940654752417,VA5,10
720575940654752417,VC3,8
720575940654752417,VL2a,15
720575940656078241,DL2d,8
720575940656078241,DL2v,6
720575940656078241,DM6,32
720575940656078241,VL2a,18
720575940656078241,VM2,14
720575940656078241,VM3,6
720575940657869953,DM1,26
720575940657869953,VA2,15
720575940657869953,VA3,31
720575940657869953,VA7l,5
720575940658101121,DP1l,7
720575940658795137,DL2v,20
720575940658795137,DM1,26
720575940658795137,DM5,13
720575940658795137,DM6,16
720575940658795137,VA3,12
720575940659297153,DA4m,16
720575940659297153,DM2,13
720575940659297153,DM4,8
720575940659297153,VA2,16
720575940659297153,VM2,28
720575940659314817,DL3,15
720575940659314817,DM1,7
720575940659314817,DM6,6
720575940659314817,DP1m,11
720575940659314817,VA4,6
720575940659314817,VC5,20
720575940659314817,VM7d,27
720575940659316609,DA2,8
720575940659316609,DP1l,18
720575940659316609,VA3,21
720575940659316609,VA6,12
720575940659316609,VA7m,20
720575940659316609,VL2a,19
720575940659316609,VL2p,5
720575940659536257,DA2,12
720575940659536257,DC2,8
720575940659536257,VA5,6
720575940659536257,VC5,7
720575940659577217,DC3,6
720575940659765121,DC1,18
720575940659765121,V,23
720575940659765121,VA2,21
720575940659765121,VA4,21
720575940659765121,VC3,30
720575940659765121,VM3,15
720575940659850113,V,18
720575940659850113,VA4,19
720575940659850113,VM7d,39
720575940659850113,VP1d,11
720575940659940225,DL2d,16
720575940659940225,DM1,11
720575940659940225,V,9
720575940660047489,DA1,13
720575940660047489,DL2d,14
720575940660047489,DM4,11
720575940660047489,DP1m,17
720575940660047489,VA3,16
720575940660047489,VA7l,13
